sla_id,client_id,priority,target_response_minutes,target_resolution_hours,breach_penalty_pct
SLA00001,CLI0001,P1,30,4,5.0
SLA00002,CLI0001,P2,120,24,15.0
SLA00003,CLI0001,P3,480,72,15.0
SLA00004,CLI0001,P4,1440,168,10.0
SLA00005,CLI0002,P2,120,24,10.0
SLA00006,CLI0002,P3,480,72,5.0
SLA00007,CLI0002,P4,1440,168,5.0
SLA00008,CLI0003,P1,30,4,5.0
SLA00009,CLI0003,P2,120,24,15.0
SLA00010,CLI0003,P3,480,72,5.0
SLA00011,CLI0003,P4,1440,168,5.0
SLA00012,CLI0004,P1,30,4,10.0
SLA00013,CLI0004,P2,120,24,5.0
SLA00014,CLI0004,P3,480,72,5.0
SLA00015,CLI0004,P4,1440,168,15.0
SLA00016,CLI0005,P1,30,4,10.0
SLA00017,CLI0005,P3,480,72,5.0
SLA00018,CLI0005,P4,1440,168,5.0
SLA00019,CLI0006,P1,30,4,15.0
SLA00020,CLI0006,P2,120,24,5.0
SLA00021,CLI0006,P3,480,72,5.0
SLA00022,CLI0006,P4,1440,168,5.0
SLA00023,CLI0007,P1,30,4,5.0
SLA00024,CLI0007,P3,480,72,15.0
SLA00025,CLI0007,P4,1440,168,5.0
SLA00026,CLI0008,P1,30,4,5.0
SLA00027,CLI0008,P2,120,24,5.0
SLA00028,CLI0008,P3,480,72,10.0
SLA00029,CLI0008,P4,1440,168,5.0
SLA00030,CLI0009,P1,30,4,5.0
SLA00031,CLI0009,P2,120,24,5.0
SLA00032,CLI0009,P3,480,72,10.0
SLA00033,CLI0009,P4,1440,168,5.0
SLA00034,CLI0010,P1,30,4,5.0
SLA00035,CLI0010,P2,120,24,15.0
SLA00036,CLI0010,P3,480,72,5.0
SLA00037,CLI0011,P1,30,4,5.0
SLA00038,CLI0011,P2,120,24,15.0
SLA00039,CLI0011,P3,480,72,5.0
SLA00040,CLI0011,P4,1440,168,5.0
SLA00041,CLI0012,P1,30,4,10.0
SLA00042,CLI0012,P2,120,24,5.0
SLA00043,CLI0012,P3,480,72,5.0
SLA00044,CLI0012,P4,1440,168,5.0
SLA00045,CLI0013,P1,30,4,5.0
SLA00046,CLI0013,P2,120,24,5.0
SLA00047,CLI0013,P3,480,72,15.0
SLA00048,CLI0013,P4,1440,168,5.0
SLA00049,CLI0014,P1,30,4,5.0
SLA00050,CLI0014,P2,120,24,5.0
SLA00051,CLI0014,P4,1440,168,15.0
SLA00052,CLI0015,P1,30,4,5.0
SLA00053,CLI0015,P2,120,24,5.0
SLA00054,CLI0015,P3,480,72,5.0
SLA00055,CLI0015,P4,1440,168,10.0
SLA00056,CLI0016,P1,30,4,5.0
SLA00057,CLI0016,P2,120,24,10.0
SLA00058,CLI0016,P3,480,72,10.0
SLA00059,CLI0016,P4,1440,168,5.0
SLA00060,CLI0017,P1,30,4,5.0
SLA00061,CLI0017,P2,120,24,5.0
SLA00062,CLI0017,P4,1440,168,5.0
SLA00063,CLI0018,P1,30,4,15.0
SLA00064,CLI0018,P2,120,24,15.0
SLA00065,CLI0018,P3,480,72,5.0
SLA00066,CLI0018,P4,1440,168,5.0
SLA00067,CLI0019,P2,120,24,5.0
SLA00068,CLI0019,P3,480,72,10.0
SLA00069,CLI0019,P4,1440,168,5.0
SLA00070,CLI0020,P1,30,4,5.0
SLA00071,CLI0020,P2,120,24,5.0
SLA00072,CLI0020,P3,480,72,5.0
SLA00073,CLI0020,P4,1440,168,5.0
SLA00074,CLI0021,P1,30,4,5.0
SLA00075,CLI0021,P2,120,24,5.0
SLA00076,CLI0021,P3,480,72,5.0
SLA00077,CLI0021,P4,1440,168,5.0
SLA00078,CLI0022,P1,30,4,5.0
SLA00079,CLI0022,P3,480,72,10.0
SLA00080,CLI0022,P4,1440,168,10.0
SLA00081,CLI0023,P1,30,4,10.0
SLA00082,CLI0023,P2,120,24,5.0
SLA00083,CLI0023,P3,480,72,15.0
SLA00084,CLI0023,P4,1440,168,5.0
SLA00085,CLI0024,P1,30,4,10.0
SLA00086,CLI0024,P2,120,24,10.0
SLA00087,CLI0024,P3,480,72,5.0
SLA00088,CLI0024,P4,1440,168,10.0
SLA00089,CLI0025,P1,30,4,15.0
SLA00090,CLI0025,P2,120,24,15.0
SLA00091,CLI0025,P3,480,72,15.0
SLA00092,CLI0025,P4,1440,168,10.0
SLA00093,CLI0026,P1,30,4,15.0
SLA00094,CLI0026,P3,480,72,5.0
SLA00095,CLI0026,P4,1440,168,5.0
SLA00096,CLI0027,P1,30,4,10.0
SLA00097,CLI0027,P3,480,72,5.0
SLA00098,CLI0027,P4,1440,168,5.0
SLA00099,CLI0028,P1,30,4,10.0
SLA00100,CLI0028,P2,120,24,5.0
SLA00101,CLI0028,P3,480,72,5.0
SLA00102,CLI0028,P4,1440,168,5.0
SLA00103,CLI0029,P1,30,4,5.0
SLA00104,CLI0029,P2,120,24,10.0
SLA00105,CLI0029,P3,480,72,5.0
SLA00106,CLI0029,P4,1440,168,5.0
SLA00107,CLI0030,P1,30,4,5.0
SLA00108,CLI0030,P2,120,24,5.0
SLA00109,CLI0030,P4,1440,168,5.0
SLA00110,CLI0031,P1,30,4,5.0
SLA00111,CLI0031,P2,120,24,5.0
SLA00112,CLI0031,P3,480,72,5.0
SLA00113,CLI0031,P4,1440,168,5.0
SLA00114,CLI0032,P1,30,4,5.0
SLA00115,CLI0032,P2,120,24,10.0
SLA00116,CLI0032,P3,480,72,10.0
SLA00117,CLI0032,P4,1440,168,5.0
SLA00118,CLI0033,P1,30,4,5.0
SLA00119,CLI0033,P2,120,24,10.0
SLA00120,CLI0033,P3,480,72,5.0
SLA00121,CLI0033,P4,1440,168,10.0
SLA00122,CLI0034,P1,30,4,5.0
SLA00123,CLI0034,P2,120,24,5.0
SLA00124,CLI0034,P3,480,72,5.0
SLA00125,CLI0034,P4,1440,168,10.0
SLA00126,CLI0035,P1,30,4,5.0
SLA00127,CLI0035,P3,480,72,5.0
SLA00128,CLI0035,P4,1440,168,5.0
SLA00129,CLI0036,P1,30,4,10.0
SLA00130,CLI0036,P2,120,24,5.0
SLA00131,CLI0036,P3,480,72,15.0
SLA00132,CLI0036,P4,1440,168,5.0
SLA00133,CLI0037,P1,30,4,15.0
SLA00134,CLI0037,P2,120,24,5.0
SLA00135,CLI0037,P3,480,72,5.0
SLA00136,CLI0037,P4,1440,168,15.0
SLA00137,CLI0038,P1,30,4,10.0
SLA00138,CLI0038,P2,120,24,10.0
SLA00139,CLI0038,P3,480,72,5.0
SLA00140,CLI0038,P4,1440,168,5.0
SLA00141,CLI0039,P1,30,4,5.0
SLA00142,CLI0039,P2,120,24,15.0
SLA00143,CLI0039,P3,480,72,5.0
SLA00144,CLI0040,P1,30,4,15.0
SLA00145,CLI0040,P2,120,24,5.0
SLA00146,CLI0040,P3,480,72,5.0
SLA00147,CLI0040,P4,1440,168,15.0
SLA00148,CLI0041,P1,30,4,10.0
SLA00149,CLI0041,P2,120,24,5.0
SLA00150,CLI0041,P3,480,72,5.0
SLA00151,CLI0041,P4,1440,168,5.0
SLA00152,CLI0042,P1,30,4,5.0
SLA00153,CLI0042,P2,120,24,10.0
SLA00154,CLI0042,P4,1440,168,10.0
SLA00155,CLI0043,P1,30,4,15.0
SLA00156,CLI0043,P2,120,24,5.0
SLA00157,CLI0043,P3,480,72,5.0
SLA00158,CLI0043,P4,1440,168,5.0
SLA00159,CLI0044,P1,30,4,10.0
SLA00160,CLI0044,P2,120,24,15.0
SLA00161,CLI0044,P3,480,72,15.0
SLA00162,CLI0044,P4,1440,168,10.0
SLA00163,CLI0045,P1,30,4,5.0
SLA00164,CLI0045,P2,120,24,10.0
SLA00165,CLI0045,P3,480,72,5.0
SLA00166,CLI0045,P4,1440,168,5.0
SLA00167,CLI0046,P1,30,4,15.0
SLA00168,CLI0046,P2,120,24,5.0
SLA00169,CLI0046,P3,480,72,5.0
SLA00170,CLI0046,P4,1440,168,10.0
SLA00171,CLI0047,P1,30,4,5.0
SLA00172,CLI0047,P2,120,24,15.0
SLA00173,CLI0047,P3,480,72,5.0
SLA00174,CLI0047,P4,1440,168,5.0
SLA00175,CLI0048,P1,30,4,5.0
SLA00176,CLI0048,P2,120,24,5.0
SLA00177,CLI0048,P3,480,72,15.0
SLA00178,CLI0048,P4,1440,168,10.0
SLA00179,CLI0049,P1,30,4,10.0
SLA00180,CLI0049,P2,120,24,5.0
SLA00181,CLI0049,P4,1440,168,5.0
SLA00182,CLI0050,P1,30,4,10.0
SLA00183,CLI0050,P2,120,24,15.0
SLA00184,CLI0050,P3,480,72,15.0
SLA00185,CLI0051,P1,30,4,5.0
SLA00186,CLI0051,P2,120,24,5.0
SLA00187,CLI0051,P3,480,72,5.0
SLA00188,CLI0051,P4,1440,168,10.0
SLA00189,CLI0052,P1,30,4,5.0
SLA00190,CLI0052,P2,120,24,5.0
SLA00191,CLI0052,P3,480,72,5.0
SLA00192,CLI0052,P4,1440,168,15.0
SLA00193,CLI0053,P1,30,4,10.0
SLA00194,CLI0053,P2,120,24,5.0
SLA00195,CLI0053,P3,480,72,15.0
SLA00196,CLI0054,P1,30,4,5.0
SLA00197,CLI0054,P2,120,24,10.0
SLA00198,CLI0054,P3,480,72,5.0
SLA00199,CLI0054,P4,1440,168,5.0
SLA00200,CLI0055,P1,30,4,5.0
SLA00201,CLI0055,P2,120,24,5.0
SLA00202,CLI0055,P3,480,72,5.0
SLA00203,CLI0055,P4,1440,168,5.0
SLA00204,CLI0056,P1,30,4,5.0
SLA00205,CLI0056,P2,120,24,15.0
SLA00206,CLI0056,P3,480,72,5.0
SLA00207,CLI0056,P4,1440,168,10.0
SLA00208,CLI0057,P1,30,4,10.0
SLA00209,CLI0057,P2,120,24,5.0
SLA00210,CLI0057,P3,480,72,5.0
SLA00211,CLI0057,P4,1440,168,10.0
SLA00212,CLI0058,P1,30,4,5.0
SLA00213,CLI0058,P2,120,24,5.0
SLA00214,CLI0058,P3,480,72,15.0
SLA00215,CLI0058,P4,1440,168,5.0
SLA00216,CLI0059,P1,30,4,15.0
SLA00217,CLI0059,P2,120,24,5.0
SLA00218,CLI0059,P3,480,72,5.0
SLA00219,CLI0059,P4,1440,168,5.0
SLA00220,CLI0060,P1,30,4,5.0
SLA00221,CLI0060,P2,120,24,5.0
SLA00222,CLI0060,P3,480,72,15.0
SLA00223,CLI0060,P4,1440,168,5.0
SLA00224,CLI0061,P2,120,24,5.0
SLA00225,CLI0061,P3,480,72,10.0
SLA00226,CLI0061,P4,1440,168,5.0
SLA00227,CLI0062,P1,30,4,5.0
SLA00228,CLI0062,P2,120,24,15.0
SLA00229,CLI0062,P3,480,72,10.0
SLA00230,CLI0062,P4,1440,168,10.0
SLA00231,CLI0063,P1,30,4,15.0
SLA00232,CLI0063,P2,120,24,5.0
SLA00233,CLI0063,P4,1440,168,5.0
SLA00234,CLI0064,P1,30,4,5.0
SLA00235,CLI0064,P2,120,24,5.0
SLA00236,CLI0064,P3,480,72,5.0
SLA00237,CLI0064,P4,1440,168,10.0
SLA00238,CLI0065,P1,30,4,5.0
SLA00239,CLI0065,P2,120,24,5.0
SLA00240,CLI0065,P3,480,72,10.0
SLA00241,CLI0065,P4,1440,168,5.0
SLA00242,CLI0066,P1,30,4,5.0
SLA00243,CLI0066,P2,120,24,5.0
SLA00244,CLI0066,P4,1440,168,5.0
SLA00245,CLI0067,P1,30,4,10.0
SLA00246,CLI0067,P2,120,24,5.0
SLA00247,CLI0067,P3,480,72,5.0
SLA00248,CLI0067,P4,1440,168,15.0
SLA00249,CLI0068,P1,30,4,15.0
SLA00250,CLI0068,P2,120,24,5.0
SLA00251,CLI0068,P3,480,72,10.0
SLA00252,CLI0068,P4,1440,168,10.0
SLA00253,CLI0069,P1,30,4,5.0
SLA00254,CLI0069,P2,120,24,5.0
SLA00255,CLI0069,P3,480,72,10.0
SLA00256,CLI0069,P4,1440,168,5.0
SLA00257,CLI0070,P1,30,4,10.0
SLA00258,CLI0070,P2,120,24,10.0
SLA00259,CLI0070,P3,480,72,5.0
SLA00260,CLI0071,P1,30,4,15.0
SLA00261,CLI0071,P2,120,24,5.0
SLA00262,CLI0071,P3,480,72,5.0
SLA00263,CLI0071,P4,1440,168,15.0
SLA00264,CLI0072,P1,30,4,15.0
SLA00265,CLI0072,P2,120,24,5.0
SLA00266,CLI0072,P3,480,72,5.0
SLA00267,CLI0072,P4,1440,168,10.0
SLA00268,CLI0073,P1,30,4,5.0
SLA00269,CLI0073,P2,120,24,5.0
SLA00270,CLI0073,P3,480,72,10.0
SLA00271,CLI0073,P4,1440,168,5.0
SLA00272,CLI0074,P1,30,4,15.0
SLA00273,CLI0074,P3,480,72,10.0
SLA00274,CLI0074,P4,1440,168,5.0
SLA00275,CLI0075,P1,30,4,5.0
SLA00276,CLI0075,P3,480,72,5.0
SLA00277,CLI0075,P4,1440,168,5.0
SLA00278,CLI0076,P1,30,4,5.0
SLA00279,CLI0076,P2,120,24,10.0
SLA00280,CLI0076,P4,1440,168,5.0
SLA00281,CLI0077,P1,30,4,5.0
SLA00282,CLI0077,P2,120,24,10.0
SLA00283,CLI0077,P3,480,72,10.0
SLA00284,CLI0077,P4,1440,168,15.0
SLA00285,CLI0078,P1,30,4,5.0
SLA00286,CLI0078,P2,120,24,5.0
SLA00287,CLI0078,P3,480,72,5.0
SLA00288,CLI0078,P4,1440,168,10.0
SLA00289,CLI0079,P1,30,4,15.0
SLA00290,CLI0079,P2,120,24,5.0
SLA00291,CLI0079,P3,480,72,5.0
SLA00292,CLI0079,P4,1440,168,5.0
SLA00293,CLI0080,P2,120,24,5.0
SLA00294,CLI0080,P3,480,72,5.0
SLA00295,CLI0080,P4,1440,168,5.0
SLA00296,CLI0081,P1,30,4,5.0
SLA00297,CLI0081,P2,120,24,10.0
SLA00298,CLI0081,P3,480,72,5.0
SLA00299,CLI0081,P4,1440,168,5.0
SLA00300,CLI0082,P2,120,24,5.0
SLA00301,CLI0082,P3,480,72,5.0
SLA00302,CLI0082,P4,1440,168,5.0
SLA00303,CLI0083,P1,30,4,5.0
SLA00304,CLI0083,P2,120,24,15.0
SLA00305,CLI0083,P3,480,72,5.0
SLA00306,CLI0084,P1,30,4,15.0
SLA00307,CLI0084,P2,120,24,5.0
SLA00308,CLI0084,P3,480,72,10.0
SLA00309,CLI0084,P4,1440,168,10.0
SLA00310,CLI0085,P1,30,4,10.0
SLA00311,CLI0085,P2,120,24,15.0
SLA00312,CLI0085,P3,480,72,5.0
SLA00313,CLI0085,P4,1440,168,5.0
SLA00314,CLI0086,P1,30,4,10.0
SLA00315,CLI0086,P2,120,24,10.0
SLA00316,CLI0086,P3,480,72,10.0
SLA00317,CLI0086,P4,1440,168,15.0
SLA00318,CLI0087,P1,30,4,5.0
SLA00319,CLI0087,P2,120,24,5.0
SLA00320,CLI0087,P3,480,72,5.0
SLA00321,CLI0087,P4,1440,168,15.0
SLA00322,CLI0088,P1,30,4,5.0
SLA00323,CLI0088,P2,120,24,5.0
SLA00324,CLI0088,P4,1440,168,15.0
SLA00325,CLI0089,P1,30,4,10.0
SLA00326,CLI0089,P2,120,24,5.0
SLA00327,CLI0089,P3,480,72,5.0
SLA00328,CLI0089,P4,1440,168,15.0
SLA00329,CLI0090,P1,30,4,5.0
SLA00330,CLI0090,P2,120,24,5.0
SLA00331,CLI0090,P3,480,72,5.0
SLA00332,CLI0090,P4,1440,168,10.0
SLA00333,CLI0091,P1,30,4,15.0
SLA00334,CLI0091,P2,120,24,15.0
SLA00335,CLI0091,P3,480,72,5.0
SLA00336,CLI0091,P4,1440,168,5.0
SLA00337,CLI0092,P1,30,4,15.0
SLA00338,CLI0092,P2,120,24,5.0
SLA00339,CLI0092,P3,480,72,5.0
SLA00340,CLI0092,P4,1440,168,10.0
SLA00341,CLI0093,P1,30,4,5.0
SLA00342,CLI0093,P2,120,24,15.0
SLA00343,CLI0093,P3,480,72,5.0
SLA00344,CLI0093,P4,1440,168,10.0
SLA00345,CLI0094,P1,30,4,5.0
SLA00346,CLI0094,P2,120,24,15.0
SLA00347,CLI0094,P3,480,72,5.0
SLA00348,CLI0094,P4,1440,168,15.0
SLA00349,CLI0095,P1,30,4,5.0
SLA00350,CLI0095,P2,120,24,5.0
SLA00351,CLI0095,P3,480,72,5.0
SLA00352,CLI0095,P4,1440,168,5.0
SLA00353,CLI0096,P2,120,24,5.0
SLA00354,CLI0096,P3,480,72,5.0
SLA00355,CLI0096,P4,1440,168,15.0
SLA00356,CLI0097,P1,30,4,5.0
SLA00357,CLI0097,P2,120,24,5.0
SLA00358,CLI0097,P3,480,72,10.0
SLA00359,CLI0097,P4,1440,168,10.0
SLA00360,CLI0098,P2,120,24,5.0
SLA00361,CLI0098,P3,480,72,15.0
SLA00362,CLI0098,P4,1440,168,10.0
SLA00363,CLI0099,P1,30,4,15.0
SLA00364,CLI0099,P2,120,24,5.0
SLA00365,CLI0099,P3,480,72,15.0
SLA00366,CLI0099,P4,1440,168,5.0
SLA00367,CLI0100,P1,30,4,10.0
SLA00368,CLI0100,P2,120,24,5.0
SLA00369,CLI0100,P3,480,72,15.0
SLA00370,CLI0100,P4,1440,168,15.0
SLA00371,CLI0101,P1,30,4,5.0
SLA00372,CLI0101,P2,120,24,15.0
SLA00373,CLI0101,P3,480,72,5.0
SLA00374,CLI0101,P4,1440,168,10.0
SLA00375,CLI0102,P1,30,4,5.0
SLA00376,CLI0102,P2,120,24,10.0
SLA00377,CLI0102,P3,480,72,10.0
SLA00378,CLI0102,P4,1440,168,5.0
SLA00379,CLI0103,P1,30,4,5.0
SLA00380,CLI0103,P2,120,24,15.0
SLA00381,CLI0103,P3,480,72,5.0
SLA00382,CLI0103,P4,1440,168,5.0
SLA00383,CLI0104,P1,30,4,15.0
SLA00384,CLI0104,P2,120,24,5.0
SLA00385,CLI0104,P3,480,72,5.0
SLA00386,CLI0104,P4,1440,168,5.0
SLA00387,CLI0105,P1,30,4,5.0
SLA00388,CLI0105,P2,120,24,15.0
SLA00389,CLI0105,P3,480,72,15.0
SLA00390,CLI0105,P4,1440,168,15.0
SLA00391,CLI0106,P1,30,4,5.0
SLA00392,CLI0106,P2,120,24,5.0
SLA00393,CLI0106,P3,480,72,10.0
SLA00394,CLI0106,P4,1440,168,5.0
SLA00395,CLI0107,P1,30,4,5.0
SLA00396,CLI0107,P2,120,24,10.0
SLA00397,CLI0107,P3,480,72,10.0
SLA00398,CLI0107,P4,1440,168,5.0
SLA00399,CLI0108,P1,30,4,5.0
SLA00400,CLI0108,P2,120,24,5.0
SLA00401,CLI0108,P3,480,72,10.0
SLA00402,CLI0108,P4,1440,168,5.0
SLA00403,CLI0109,P1,30,4,10.0
SLA00404,CLI0109,P2,120,24,15.0
SLA00405,CLI0109,P3,480,72,15.0
SLA00406,CLI0109,P4,1440,168,5.0
SLA00407,CLI0110,P2,120,24,10.0
SLA00408,CLI0110,P3,480,72,15.0
SLA00409,CLI0110,P4,1440,168,5.0
SLA00410,CLI0111,P1,30,4,5.0
SLA00411,CLI0111,P2,120,24,5.0
SLA00412,CLI0111,P3,480,72,15.0
SLA00413,CLI0111,P4,1440,168,15.0
SLA00414,CLI0112,P1,30,4,5.0
SLA00415,CLI0112,P2,120,24,15.0
SLA00416,CLI0112,P3,480,72,10.0
SLA00417,CLI0112,P4,1440,168,5.0
SLA00418,CLI0113,P1,30,4,15.0
SLA00419,CLI0113,P2,120,24,5.0
SLA00420,CLI0113,P3,480,72,5.0
SLA00421,CLI0113,P4,1440,168,5.0
SLA00422,CLI0114,P1,30,4,5.0
SLA00423,CLI0114,P2,120,24,10.0
SLA00424,CLI0114,P4,1440,168,5.0
SLA00425,CLI0115,P1,30,4,5.0
SLA00426,CLI0115,P2,120,24,5.0
SLA00427,CLI0115,P3,480,72,5.0
SLA00428,CLI0115,P4,1440,168,5.0
SLA00429,CLI0116,P1,30,4,5.0
SLA00430,CLI0116,P2,120,24,5.0
SLA00431,CLI0116,P3,480,72,5.0
SLA00432,CLI0116,P4,1440,168,5.0
SLA00433,CLI0117,P1,30,4,15.0
SLA00434,CLI0117,P2,120,24,5.0
SLA00435,CLI0117,P3,480,72,5.0
SLA00436,CLI0117,P4,1440,168,10.0
SLA00437,CLI0118,P1,30,4,10.0
SLA00438,CLI0118,P2,120,24,5.0
SLA00439,CLI0118,P3,480,72,5.0
SLA00440,CLI0118,P4,1440,168,5.0
SLA00441,CLI0119,P1,30,4,5.0
SLA00442,CLI0119,P2,120,24,5.0
SLA00443,CLI0119,P3,480,72,10.0
SLA00444,CLI0119,P4,1440,168,5.0
SLA00445,CLI0120,P1,30,4,5.0
SLA00446,CLI0120,P2,120,24,15.0
SLA00447,CLI0120,P4,1440,168,15.0
SLA00448,CLI0121,P1,30,4,15.0
SLA00449,CLI0121,P2,120,24,5.0
SLA00450,CLI0121,P3,480,72,5.0
SLA00451,CLI0121,P4,1440,168,5.0
SLA00452,CLI0122,P1,30,4,10.0
SLA00453,CLI0122,P2,120,24,15.0
SLA00454,CLI0122,P4,1440,168,5.0
SLA00455,CLI0123,P1,30,4,5.0
SLA00456,CLI0123,P2,120,24,5.0
SLA00457,CLI0123,P3,480,72,5.0
SLA00458,CLI0123,P4,1440,168,5.0
SLA00459,CLI0124,P1,30,4,5.0
SLA00460,CLI0124,P2,120,24,5.0
SLA00461,CLI0124,P3,480,72,5.0
SLA00462,CLI0124,P4,1440,168,5.0
SLA00463,CLI0125,P1,30,4,5.0
SLA00464,CLI0125,P2,120,24,5.0
SLA00465,CLI0125,P3,480,72,5.0
SLA00466,CLI0125,P4,1440,168,15.0
SLA00467,CLI0126,P1,30,4,5.0
SLA00468,CLI0126,P2,120,24,5.0
SLA00469,CLI0126,P3,480,72,10.0
SLA00470,CLI0126,P4,1440,168,5.0
SLA00471,CLI0127,P1,30,4,5.0
SLA00472,CLI0127,P2,120,24,15.0
SLA00473,CLI0127,P3,480,72,15.0
SLA00474,CLI0127,P4,1440,168,5.0
SLA00475,CLI0128,P1,30,4,5.0
SLA00476,CLI0128,P2,120,24,5.0
SLA00477,CLI0128,P3,480,72,10.0
SLA00478,CLI0128,P4,1440,168,15.0
SLA00479,CLI0129,P1,30,4,5.0
SLA00480,CLI0129,P2,120,24,5.0
SLA00481,CLI0129,P3,480,72,10.0
SLA00482,CLI0129,P4,1440,168,5.0
SLA00483,CLI0130,P1,30,4,15.0
SLA00484,CLI0130,P2,120,24,5.0
SLA00485,CLI0130,P3,480,72,10.0
SLA00486,CLI0130,P4,1440,168,5.0
SLA00487,CLI0131,P1,30,4,5.0
SLA00488,CLI0131,P2,120,24,10.0
SLA00489,CLI0131,P3,480,72,5.0
SLA00490,CLI0131,P4,1440,168,10.0
SLA00491,CLI0132,P2,120,24,5.0
SLA00492,CLI0132,P3,480,72,5.0
SLA00493,CLI0133,P1,30,4,15.0
SLA00494,CLI0133,P2,120,24,15.0
SLA00495,CLI0133,P3,480,72,15.0
SLA00496,CLI0133,P4,1440,168,15.0
SLA00497,CLI0134,P1,30,4,5.0
SLA00498,CLI0134,P2,120,24,5.0
SLA00499,CLI0134,P3,480,72,5.0
SLA00500,CLI0134,P4,1440,168,5.0
SLA00501,CLI0135,P1,30,4,10.0
SLA00502,CLI0135,P2,120,24,5.0
SLA00503,CLI0135,P3,480,72,5.0
SLA00504,CLI0135,P4,1440,168,5.0
SLA00505,CLI0136,P1,30,4,5.0
SLA00506,CLI0136,P2,120,24,5.0
SLA00507,CLI0136,P3,480,72,5.0
SLA00508,CLI0136,P4,1440,168,5.0
SLA00509,CLI0137,P1,30,4,5.0
SLA00510,CLI0137,P2,120,24,10.0
SLA00511,CLI0137,P3,480,72,5.0
SLA00512,CLI0137,P4,1440,168,5.0
SLA00513,CLI0138,P2,120,24,10.0
SLA00514,CLI0138,P4,1440,168,5.0
SLA00515,CLI0139,P1,30,4,5.0
SLA00516,CLI0139,P2,120,24,15.0
SLA00517,CLI0139,P3,480,72,10.0
SLA00518,CLI0139,P4,1440,168,5.0
SLA00519,CLI0140,P1,30,4,5.0
SLA00520,CLI0140,P2,120,24,5.0
SLA00521,CLI0140,P3,480,72,5.0
SLA00522,CLI0140,P4,1440,168,5.0
SLA00523,CLI0141,P1,30,4,5.0
SLA00524,CLI0141,P2,120,24,5.0
SLA00525,CLI0141,P3,480,72,5.0
SLA00526,CLI0141,P4,1440,168,5.0
SLA00527,CLI0142,P1,30,4,5.0
SLA00528,CLI0142,P2,120,24,5.0
SLA00529,CLI0142,P3,480,72,5.0
SLA00530,CLI0142,P4,1440,168,15.0
SLA00531,CLI0143,P1,30,4,5.0
SLA00532,CLI0143,P2,120,24,5.0
SLA00533,CLI0143,P3,480,72,5.0
SLA00534,CLI0143,P4,1440,168,5.0
SLA00535,CLI0144,P1,30,4,5.0
SLA00536,CLI0144,P2,120,24,5.0
SLA00537,CLI0144,P3,480,72,15.0
SLA00538,CLI0144,P4,1440,168,10.0
SLA00539,CLI0145,P1,30,4,15.0
SLA00540,CLI0145,P2,120,24,15.0
SLA00541,CLI0145,P3,480,72,5.0
SLA00542,CLI0145,P4,1440,168,5.0
SLA00543,CLI0146,P1,30,4,5.0
SLA00544,CLI0146,P2,120,24,15.0
SLA00545,CLI0146,P3,480,72,5.0
SLA00546,CLI0146,P4,1440,168,5.0
SLA00547,CLI0147,P1,30,4,5.0
SLA00548,CLI0147,P2,120,24,15.0
SLA00549,CLI0147,P3,480,72,5.0
SLA00550,CLI0147,P4,1440,168,5.0
SLA00551,CLI0148,P1,30,4,5.0
SLA00552,CLI0148,P2,120,24,10.0
SLA00553,CLI0148,P3,480,72,5.0
SLA00554,CLI0149,P1,30,4,5.0
SLA00555,CLI0149,P2,120,24,5.0
SLA00556,CLI0149,P3,480,72,15.0
SLA00557,CLI0149,P4,1440,168,5.0
SLA00558,CLI0150,P1,30,4,5.0
SLA00559,CLI0150,P2,120,24,15.0
SLA00560,CLI0150,P3,480,72,15.0
SLA00561,CLI0150,P4,1440,168,5.0
SLA00562,CLI0151,P1,30,4,15.0
SLA00563,CLI0151,P2,120,24,5.0
SLA00564,CLI0151,P3,480,72,10.0
SLA00565,CLI0151,P4,1440,168,5.0
SLA00566,CLI0152,P2,120,24,5.0
SLA00567,CLI0152,P3,480,72,5.0
SLA00568,CLI0152,P4,1440,168,15.0
SLA00569,CLI0153,P1,30,4,15.0
SLA00570,CLI0153,P2,120,24,5.0
SLA00571,CLI0153,P3,480,72,5.0
SLA00572,CLI0153,P4,1440,168,15.0
SLA00573,CLI0154,P1,30,4,10.0
SLA00574,CLI0154,P2,120,24,5.0
SLA00575,CLI0154,P3,480,72,5.0
SLA00576,CLI0154,P4,1440,168,10.0
SLA00577,CLI0155,P1,30,4,15.0
SLA00578,CLI0155,P2,120,24,15.0
SLA00579,CLI0155,P3,480,72,5.0
SLA00580,CLI0155,P4,1440,168,5.0
SLA00581,CLI0156,P1,30,4,15.0
SLA00582,CLI0156,P2,120,24,15.0
SLA00583,CLI0156,P3,480,72,15.0
SLA00584,CLI0156,P4,1440,168,5.0
SLA00585,CLI0157,P1,30,4,5.0
SLA00586,CLI0157,P2,120,24,10.0
SLA00587,CLI0157,P3,480,72,5.0
SLA00588,CLI0157,P4,1440,168,5.0
SLA00589,CLI0158,P1,30,4,10.0
SLA00590,CLI0158,P2,120,24,5.0
SLA00591,CLI0158,P3,480,72,5.0
SLA00592,CLI0158,P4,1440,168,10.0
SLA00593,CLI0159,P1,30,4,10.0
SLA00594,CLI0159,P2,120,24,10.0
SLA00595,CLI0159,P3,480,72,5.0
SLA00596,CLI0159,P4,1440,168,15.0
SLA00597,CLI0160,P1,30,4,5.0
SLA00598,CLI0160,P2,120,24,5.0
SLA00599,CLI0160,P3,480,72,10.0
SLA00600,CLI0160,P4,1440,168,5.0
SLA00601,CLI0161,P1,30,4,5.0
SLA00602,CLI0161,P3,480,72,5.0
SLA00603,CLI0161,P4,1440,168,10.0
SLA00604,CLI0162,P1,30,4,5.0
SLA00605,CLI0162,P2,120,24,5.0
SLA00606,CLI0162,P3,480,72,15.0
SLA00607,CLI0162,P4,1440,168,10.0
SLA00608,CLI0163,P1,30,4,5.0
SLA00609,CLI0163,P2,120,24,5.0
SLA00610,CLI0163,P4,1440,168,5.0
SLA00611,CLI0164,P1,30,4,5.0
SLA00612,CLI0164,P2,120,24,5.0
SLA00613,CLI0164,P3,480,72,5.0
SLA00614,CLI0164,P4,1440,168,15.0
SLA00615,CLI0165,P1,30,4,10.0
SLA00616,CLI0165,P2,120,24,5.0
SLA00617,CLI0165,P3,480,72,5.0
SLA00618,CLI0165,P4,1440,168,5.0
SLA00619,CLI0166,P1,30,4,5.0
SLA00620,CLI0166,P2,120,24,10.0
SLA00621,CLI0166,P3,480,72,5.0
SLA00622,CLI0166,P4,1440,168,5.0
SLA00623,CLI0167,P1,30,4,10.0
SLA00624,CLI0167,P2,120,24,5.0
SLA00625,CLI0167,P3,480,72,10.0
SLA00626,CLI0167,P4,1440,168,5.0
SLA00627,CLI0168,P1,30,4,5.0
SLA00628,CLI0168,P2,120,24,15.0
SLA00629,CLI0168,P4,1440,168,5.0
SLA00630,CLI0169,P1,30,4,5.0
SLA00631,CLI0169,P2,120,24,5.0
SLA00632,CLI0169,P3,480,72,15.0
SLA00633,CLI0169,P4,1440,168,10.0
SLA00634,CLI0170,P2,120,24,5.0
SLA00635,CLI0170,P3,480,72,15.0
SLA00636,CLI0170,P4,1440,168,5.0
SLA00637,CLI0171,P1,30,4,15.0
SLA00638,CLI0171,P2,120,24,15.0
SLA00639,CLI0171,P3,480,72,5.0
SLA00640,CLI0171,P4,1440,168,5.0
SLA00641,CLI0172,P2,120,24,5.0
SLA00642,CLI0172,P3,480,72,10.0
SLA00643,CLI0172,P4,1440,168,10.0
SLA00644,CLI0173,P1,30,4,5.0
SLA00645,CLI0173,P2,120,24,5.0
SLA00646,CLI0173,P3,480,72,5.0
SLA00647,CLI0173,P4,1440,168,5.0
SLA00648,CLI0174,P1,30,4,10.0
SLA00649,CLI0174,P3,480,72,5.0
SLA00650,CLI0174,P4,1440,168,5.0
SLA00651,CLI0175,P1,30,4,5.0
SLA00652,CLI0175,P2,120,24,5.0
SLA00653,CLI0175,P4,1440,168,5.0
SLA00654,CLI0176,P1,30,4,15.0
SLA00655,CLI0176,P2,120,24,10.0
SLA00656,CLI0176,P3,480,72,15.0
SLA00657,CLI0176,P4,1440,168,10.0
SLA00658,CLI0177,P1,30,4,15.0
SLA00659,CLI0177,P2,120,24,5.0
SLA00660,CLI0177,P4,1440,168,5.0
SLA00661,CLI0178,P2,120,24,10.0
SLA00662,CLI0178,P3,480,72,15.0
SLA00663,CLI0178,P4,1440,168,15.0
SLA00664,CLI0179,P1,30,4,15.0
SLA00665,CLI0179,P2,120,24,5.0
SLA00666,CLI0179,P4,1440,168,5.0
SLA00667,CLI0180,P1,30,4,15.0
SLA00668,CLI0180,P2,120,24,15.0
SLA00669,CLI0180,P3,480,72,5.0
SLA00670,CLI0180,P4,1440,168,5.0
SLA00671,CLI0181,P1,30,4,5.0
SLA00672,CLI0181,P2,120,24,10.0
SLA00673,CLI0181,P3,480,72,5.0
SLA00674,CLI0181,P4,1440,168,10.0
SLA00675,CLI0182,P1,30,4,5.0
SLA00676,CLI0182,P2,120,24,5.0
SLA00677,CLI0182,P3,480,72,15.0
SLA00678,CLI0182,P4,1440,168,5.0
SLA00679,CLI0183,P1,30,4,5.0
SLA00680,CLI0183,P2,120,24,10.0
SLA00681,CLI0183,P3,480,72,10.0
SLA00682,CLI0183,P4,1440,168,5.0
SLA00683,CLI0184,P1,30,4,15.0
SLA00684,CLI0184,P2,120,24,5.0
SLA00685,CLI0184,P3,480,72,10.0
SLA00686,CLI0184,P4,1440,168,5.0
SLA00687,CLI0185,P1,30,4,15.0
SLA00688,CLI0185,P2,120,24,5.0
SLA00689,CLI0185,P3,480,72,5.0
SLA00690,CLI0185,P4,1440,168,5.0
SLA00691,CLI0186,P1,30,4,15.0
SLA00692,CLI0186,P2,120,24,5.0
SLA00693,CLI0186,P3,480,72,15.0
SLA00694,CLI0186,P4,1440,168,5.0
SLA00695,CLI0187,P1,30,4,5.0
SLA00696,CLI0187,P2,120,24,5.0
SLA00697,CLI0187,P3,480,72,10.0
SLA00698,CLI0187,P4,1440,168,5.0
SLA00699,CLI0188,P1,30,4,5.0
SLA00700,CLI0188,P2,120,24,15.0
SLA00701,CLI0188,P3,480,72,15.0
SLA00702,CLI0188,P4,1440,168,5.0
SLA00703,CLI0189,P1,30,4,5.0
SLA00704,CLI0189,P2,120,24,15.0
SLA00705,CLI0189,P3,480,72,5.0
SLA00706,CLI0189,P4,1440,168,5.0
SLA00707,CLI0190,P1,30,4,5.0
SLA00708,CLI0190,P2,120,24,15.0
SLA00709,CLI0190,P3,480,72,15.0
SLA00710,CLI0190,P4,1440,168,10.0
SLA00711,CLI0191,P1,30,4,15.0
SLA00712,CLI0191,P2,120,24,15.0
SLA00713,CLI0191,P3,480,72,5.0
SLA00714,CLI0191,P4,1440,168,5.0
SLA00715,CLI0192,P1,30,4,5.0
SLA00716,CLI0192,P2,120,24,10.0
SLA00717,CLI0192,P3,480,72,10.0
SLA00718,CLI0192,P4,1440,168,5.0
SLA00719,CLI0193,P1,30,4,15.0
SLA00720,CLI0193,P2,120,24,15.0
SLA00721,CLI0193,P4,1440,168,10.0
SLA00722,CLI0194,P1,30,4,5.0
SLA00723,CLI0194,P2,120,24,5.0
SLA00724,CLI0194,P3,480,72,5.0
SLA00725,CLI0194,P4,1440,168,15.0
SLA00726,CLI0195,P1,30,4,10.0
SLA00727,CLI0195,P2,120,24,10.0
SLA00728,CLI0195,P4,1440,168,10.0
SLA00729,CLI0196,P1,30,4,5.0
SLA00730,CLI0196,P2,120,24,15.0
SLA00731,CLI0196,P3,480,72,5.0
SLA00732,CLI0197,P1,30,4,10.0
SLA00733,CLI0197,P2,120,24,10.0
SLA00734,CLI0197,P3,480,72,10.0
SLA00735,CLI0198,P1,30,4,5.0
SLA00736,CLI0198,P2,120,24,5.0
SLA00737,CLI0198,P3,480,72,10.0
SLA00738,CLI0198,P4,1440,168,5.0
SLA00739,CLI0199,P3,480,72,5.0
SLA00740,CLI0199,P4,1440,168,5.0
SLA00741,CLI0200,P1,30,4,5.0
SLA00742,CLI0200,P2,120,24,5.0
SLA00743,CLI0200,P3,480,72,5.0
SLA00744,CLI0200,P4,1440,168,5.0
SLA00745,CLI0201,P1,30,4,10.0
SLA00746,CLI0201,P2,120,24,5.0
SLA00747,CLI0201,P3,480,72,5.0
SLA00748,CLI0202,P1,30,4,15.0
SLA00749,CLI0202,P2,120,24,15.0
SLA00750,CLI0202,P4,1440,168,10.0
SLA00751,CLI0203,P1,30,4,5.0
SLA00752,CLI0203,P2,120,24,10.0
SLA00753,CLI0203,P3,480,72,5.0
SLA00754,CLI0203,P4,1440,168,5.0
SLA00755,CLI0204,P1,30,4,5.0
SLA00756,CLI0204,P3,480,72,10.0
SLA00757,CLI0204,P4,1440,168,15.0
SLA00758,CLI0205,P1,30,4,5.0
SLA00759,CLI0205,P3,480,72,10.0
SLA00760,CLI0206,P1,30,4,5.0
SLA00761,CLI0206,P2,120,24,5.0
SLA00762,CLI0206,P4,1440,168,15.0
SLA00763,CLI0207,P1,30,4,15.0
SLA00764,CLI0207,P3,480,72,5.0
SLA00765,CLI0207,P4,1440,168,5.0
SLA00766,CLI0208,P1,30,4,5.0
SLA00767,CLI0208,P2,120,24,5.0
SLA00768,CLI0208,P3,480,72,5.0
SLA00769,CLI0208,P4,1440,168,5.0
SLA00770,CLI0209,P1,30,4,5.0
SLA00771,CLI0209,P2,120,24,5.0
SLA00772,CLI0209,P3,480,72,10.0
SLA00773,CLI0209,P4,1440,168,5.0
SLA00774,CLI0210,P1,30,4,5.0
SLA00775,CLI0210,P2,120,24,15.0
SLA00776,CLI0210,P3,480,72,15.0
SLA00777,CLI0210,P4,1440,168,5.0
SLA00778,CLI0211,P1,30,4,5.0
SLA00779,CLI0211,P2,120,24,10.0
SLA00780,CLI0211,P3,480,72,5.0
SLA00781,CLI0211,P4,1440,168,10.0
SLA00782,CLI0212,P1,30,4,15.0
SLA00783,CLI0212,P2,120,24,5.0
SLA00784,CLI0212,P4,1440,168,5.0
SLA00785,CLI0213,P1,30,4,10.0
SLA00786,CLI0213,P3,480,72,5.0
SLA00787,CLI0213,P4,1440,168,5.0
SLA00788,CLI0214,P1,30,4,10.0
SLA00789,CLI0214,P2,120,24,5.0
SLA00790,CLI0214,P3,480,72,5.0
SLA00791,CLI0214,P4,1440,168,15.0
SLA00792,CLI0215,P1,30,4,5.0
SLA00793,CLI0215,P2,120,24,5.0
SLA00794,CLI0215,P3,480,72,10.0
SLA00795,CLI0216,P1,30,4,15.0
SLA00796,CLI0216,P2,120,24,5.0
SLA00797,CLI0216,P3,480,72,10.0
SLA00798,CLI0216,P4,1440,168,5.0
SLA00799,CLI0217,P1,30,4,15.0
SLA00800,CLI0217,P2,120,24,5.0
SLA00801,CLI0217,P3,480,72,5.0
SLA00802,CLI0217,P4,1440,168,5.0
SLA00803,CLI0218,P1,30,4,10.0
SLA00804,CLI0218,P2,120,24,5.0
SLA00805,CLI0218,P3,480,72,15.0
SLA00806,CLI0219,P1,30,4,10.0
SLA00807,CLI0219,P2,120,24,5.0
SLA00808,CLI0219,P3,480,72,5.0
SLA00809,CLI0219,P4,1440,168,10.0
SLA00810,CLI0220,P1,30,4,10.0
SLA00811,CLI0220,P2,120,24,5.0
SLA00812,CLI0220,P3,480,72,15.0
SLA00813,CLI0220,P4,1440,168,5.0
SLA00814,CLI0221,P1,30,4,15.0
SLA00815,CLI0221,P2,120,24,5.0
SLA00816,CLI0221,P3,480,72,5.0
SLA00817,CLI0221,P4,1440,168,5.0
SLA00818,CLI0222,P1,30,4,10.0
SLA00819,CLI0222,P2,120,24,5.0
SLA00820,CLI0222,P3,480,72,5.0
SLA00821,CLI0222,P4,1440,168,5.0
SLA00822,CLI0223,P1,30,4,5.0
SLA00823,CLI0223,P2,120,24,5.0
SLA00824,CLI0223,P3,480,72,10.0
SLA00825,CLI0223,P4,1440,168,5.0
SLA00826,CLI0224,P2,120,24,10.0
SLA00827,CLI0224,P3,480,72,5.0
SLA00828,CLI0224,P4,1440,168,5.0
SLA00829,CLI0225,P3,480,72,5.0
SLA00830,CLI0225,P4,1440,168,10.0
SLA00831,CLI0226,P1,30,4,5.0
SLA00832,CLI0226,P2,120,24,5.0
SLA00833,CLI0226,P3,480,72,10.0
SLA00834,CLI0226,P4,1440,168,5.0
SLA00835,CLI0227,P1,30,4,15.0
SLA00836,CLI0227,P2,120,24,5.0
SLA00837,CLI0227,P3,480,72,10.0
SLA00838,CLI0227,P4,1440,168,5.0
SLA00839,CLI0228,P1,30,4,15.0
SLA00840,CLI0228,P2,120,24,15.0
SLA00841,CLI0228,P3,480,72,15.0
SLA00842,CLI0228,P4,1440,168,5.0
SLA00843,CLI0229,P1,30,4,15.0
SLA00844,CLI0229,P2,120,24,5.0
SLA00845,CLI0229,P3,480,72,5.0
SLA00846,CLI0229,P4,1440,168,10.0
SLA00847,CLI0230,P1,30,4,5.0
SLA00848,CLI0230,P2,120,24,5.0
SLA00849,CLI0230,P3,480,72,10.0
SLA00850,CLI0230,P4,1440,168,15.0
SLA00851,CLI0231,P1,30,4,5.0
SLA00852,CLI0231,P2,120,24,5.0
SLA00853,CLI0231,P3,480,72,5.0
SLA00854,CLI0231,P4,1440,168,15.0
SLA00855,CLI0232,P1,30,4,5.0
SLA00856,CLI0232,P2,120,24,5.0
SLA00857,CLI0232,P3,480,72,10.0
SLA00858,CLI0233,P1,30,4,5.0
SLA00859,CLI0233,P2,120,24,5.0
SLA00860,CLI0233,P3,480,72,5.0
SLA00861,CLI0233,P4,1440,168,5.0
SLA00862,CLI0234,P1,30,4,5.0
SLA00863,CLI0234,P2,120,24,5.0
SLA00864,CLI0234,P4,1440,168,5.0
SLA00865,CLI0235,P1,30,4,5.0
SLA00866,CLI0235,P2,120,24,5.0
SLA00867,CLI0235,P3,480,72,5.0
SLA00868,CLI0235,P4,1440,168,5.0
SLA00869,CLI0236,P1,30,4,5.0
SLA00870,CLI0236,P2,120,24,5.0
SLA00871,CLI0236,P3,480,72,5.0
SLA00872,CLI0236,P4,1440,168,5.0
SLA00873,CLI0237,P1,30,4,10.0
SLA00874,CLI0237,P2,120,24,5.0
SLA00875,CLI0237,P3,480,72,15.0
SLA00876,CLI0237,P4,1440,168,5.0
SLA00877,CLI0238,P1,30,4,5.0
SLA00878,CLI0238,P2,120,24,15.0
SLA00879,CLI0238,P3,480,72,5.0
SLA00880,CLI0238,P4,1440,168,5.0
SLA00881,CLI0239,P1,30,4,10.0
SLA00882,CLI0239,P2,120,24,5.0
SLA00883,CLI0239,P3,480,72,15.0
SLA00884,CLI0239,P4,1440,168,5.0
SLA00885,CLI0240,P1,30,4,5.0
SLA00886,CLI0240,P2,120,24,15.0
SLA00887,CLI0240,P3,480,72,5.0
SLA00888,CLI0240,P4,1440,168,15.0
SLA00889,CLI0241,P1,30,4,5.0
SLA00890,CLI0241,P2,120,24,5.0
SLA00891,CLI0241,P3,480,72,5.0
SLA00892,CLI0241,P4,1440,168,5.0
SLA00893,CLI0242,P1,30,4,5.0
SLA00894,CLI0242,P2,120,24,15.0
SLA00895,CLI0242,P3,480,72,10.0
SLA00896,CLI0242,P4,1440,168,5.0
SLA00897,CLI0243,P1,30,4,5.0
SLA00898,CLI0243,P2,120,24,10.0
SLA00899,CLI0243,P4,1440,168,5.0
SLA00900,CLI0244,P1,30,4,15.0
SLA00901,CLI0244,P3,480,72,10.0
SLA00902,CLI0244,P4,1440,168,5.0
SLA00903,CLI0245,P1,30,4,5.0
SLA00904,CLI0245,P2,120,24,10.0
SLA00905,CLI0245,P3,480,72,5.0
SLA00906,CLI0245,P4,1440,168,15.0
SLA00907,CLI0246,P1,30,4,10.0
SLA00908,CLI0246,P2,120,24,5.0
SLA00909,CLI0246,P3,480,72,15.0
SLA00910,CLI0246,P4,1440,168,15.0
SLA00911,CLI0247,P1,30,4,5.0
SLA00912,CLI0247,P2,120,24,10.0
SLA00913,CLI0247,P3,480,72,5.0
SLA00914,CLI0247,P4,1440,168,5.0
SLA00915,CLI0248,P1,30,4,5.0
SLA00916,CLI0248,P2,120,24,5.0
SLA00917,CLI0248,P3,480,72,5.0
SLA00918,CLI0248,P4,1440,168,5.0
SLA00919,CLI0249,P1,30,4,10.0
SLA00920,CLI0249,P2,120,24,5.0
SLA00921,CLI0249,P3,480,72,5.0
SLA00922,CLI0249,P4,1440,168,10.0
SLA00923,CLI0250,P1,30,4,5.0
SLA00924,CLI0250,P3,480,72,5.0
SLA00925,CLI0250,P4,1440,168,5.0
SLA00926,CLI0251,P1,30,4,10.0
SLA00927,CLI0251,P2,120,24,5.0
SLA00928,CLI0251,P4,1440,168,5.0
SLA00929,CLI0252,P3,480,72,15.0
SLA00930,CLI0252,P4,1440,168,15.0
SLA00931,CLI0253,P1,30,4,10.0
SLA00932,CLI0253,P2,120,24,10.0
SLA00933,CLI0253,P3,480,72,5.0
SLA00934,CLI0253,P4,1440,168,5.0
SLA00935,CLI0254,P2,120,24,15.0
SLA00936,CLI0254,P3,480,72,5.0
SLA00937,CLI0254,P4,1440,168,5.0
SLA00938,CLI0255,P1,30,4,5.0
SLA00939,CLI0255,P2,120,24,5.0
SLA00940,CLI0255,P3,480,72,5.0
SLA00941,CLI0255,P4,1440,168,5.0
SLA00942,CLI0256,P1,30,4,15.0
SLA00943,CLI0256,P2,120,24,5.0
SLA00944,CLI0256,P3,480,72,15.0
SLA00945,CLI0256,P4,1440,168,5.0
SLA00946,CLI0257,P1,30,4,5.0
SLA00947,CLI0257,P2,120,24,5.0
SLA00948,CLI0257,P3,480,72,15.0
SLA00949,CLI0257,P4,1440,168,5.0
SLA00950,CLI0258,P1,30,4,10.0
SLA00951,CLI0258,P2,120,24,15.0
SLA00952,CLI0258,P3,480,72,15.0
SLA00953,CLI0258,P4,1440,168,5.0
SLA00954,CLI0259,P1,30,4,5.0
SLA00955,CLI0259,P2,120,24,5.0
SLA00956,CLI0259,P3,480,72,5.0
SLA00957,CLI0259,P4,1440,168,5.0
SLA00958,CLI0260,P1,30,4,5.0
SLA00959,CLI0260,P2,120,24,5.0
SLA00960,CLI0260,P3,480,72,15.0
SLA00961,CLI0260,P4,1440,168,5.0
SLA00962,CLI0261,P1,30,4,5.0
SLA00963,CLI0261,P2,120,24,5.0
SLA00964,CLI0261,P4,1440,168,10.0
SLA00965,CLI0262,P1,30,4,5.0
SLA00966,CLI0262,P2,120,24,5.0
SLA00967,CLI0262,P3,480,72,5.0
SLA00968,CLI0262,P4,1440,168,5.0
SLA00969,CLI0263,P1,30,4,15.0
SLA00970,CLI0263,P2,120,24,15.0
SLA00971,CLI0263,P4,1440,168,5.0
SLA00972,CLI0264,P1,30,4,5.0
SLA00973,CLI0264,P2,120,24,5.0
SLA00974,CLI0264,P3,480,72,5.0
SLA00975,CLI0264,P4,1440,168,5.0
SLA00976,CLI0265,P1,30,4,5.0
SLA00977,CLI0265,P2,120,24,5.0
SLA00978,CLI0265,P3,480,72,5.0
SLA00979,CLI0265,P4,1440,168,15.0
SLA00980,CLI0266,P1,30,4,5.0
SLA00981,CLI0266,P2,120,24,5.0
SLA00982,CLI0266,P3,480,72,5.0
SLA00983,CLI0266,P4,1440,168,5.0
SLA00984,CLI0267,P1,30,4,5.0
SLA00985,CLI0267,P2,120,24,5.0
SLA00986,CLI0267,P3,480,72,5.0
SLA00987,CLI0267,P4,1440,168,5.0
SLA00988,CLI0268,P2,120,24,5.0
SLA00989,CLI0268,P3,480,72,10.0
SLA00990,CLI0268,P4,1440,168,5.0
SLA00991,CLI0269,P2,120,24,5.0
SLA00992,CLI0269,P3,480,72,15.0
SLA00993,CLI0269,P4,1440,168,5.0
SLA00994,CLI0270,P1,30,4,5.0
SLA00995,CLI0270,P2,120,24,5.0
SLA00996,CLI0270,P3,480,72,15.0
SLA00997,CLI0270,P4,1440,168,15.0
SLA00998,CLI0271,P1,30,4,15.0
SLA00999,CLI0271,P2,120,24,5.0
SLA01000,CLI0271,P3,480,72,5.0
SLA01001,CLI0272,P1,30,4,5.0
SLA01002,CLI0272,P2,120,24,5.0
SLA01003,CLI0272,P3,480,72,5.0
SLA01004,CLI0272,P4,1440,168,15.0
SLA01005,CLI0273,P1,30,4,5.0
SLA01006,CLI0273,P2,120,24,5.0
SLA01007,CLI0273,P3,480,72,15.0
SLA01008,CLI0273,P4,1440,168,10.0
SLA01009,CLI0274,P1,30,4,5.0
SLA01010,CLI0274,P2,120,24,15.0
SLA01011,CLI0274,P3,480,72,15.0
SLA01012,CLI0274,P4,1440,168,5.0
SLA01013,CLI0275,P1,30,4,15.0
SLA01014,CLI0275,P2,120,24,15.0
SLA01015,CLI0275,P3,480,72,10.0
SLA01016,CLI0275,P4,1440,168,5.0
SLA01017,CLI0276,P2,120,24,5.0
SLA01018,CLI0277,P1,30,4,5.0
SLA01019,CLI0277,P2,120,24,15.0
SLA01020,CLI0277,P4,1440,168,15.0
SLA01021,CLI0278,P1,30,4,10.0
SLA01022,CLI0278,P2,120,24,5.0
SLA01023,CLI0278,P3,480,72,5.0
SLA01024,CLI0278,P4,1440,168,10.0
SLA01025,CLI0279,P1,30,4,5.0
SLA01026,CLI0279,P3,480,72,5.0
SLA01027,CLI0279,P4,1440,168,10.0
SLA01028,CLI0280,P1,30,4,15.0
SLA01029,CLI0280,P2,120,24,15.0
SLA01030,CLI0280,P4,1440,168,15.0
SLA01031,CLI0281,P1,30,4,5.0
SLA01032,CLI0281,P2,120,24,5.0
SLA01033,CLI0281,P3,480,72,5.0
SLA01034,CLI0281,P4,1440,168,5.0
SLA01035,CLI0282,P1,30,4,15.0
SLA01036,CLI0282,P2,120,24,15.0
SLA01037,CLI0282,P3,480,72,15.0
SLA01038,CLI0283,P1,30,4,5.0
SLA01039,CLI0283,P2,120,24,10.0
SLA01040,CLI0283,P3,480,72,5.0
SLA01041,CLI0283,P4,1440,168,5.0
SLA01042,CLI0284,P1,30,4,10.0
SLA01043,CLI0284,P2,120,24,5.0
SLA01044,CLI0284,P3,480,72,15.0
SLA01045,CLI0284,P4,1440,168,5.0
SLA01046,CLI0285,P1,30,4,5.0
SLA01047,CLI0285,P2,120,24,15.0
SLA01048,CLI0285,P3,480,72,5.0
SLA01049,CLI0285,P4,1440,168,15.0
SLA01050,CLI0286,P1,30,4,5.0
SLA01051,CLI0286,P2,120,24,5.0
SLA01052,CLI0286,P3,480,72,10.0
SLA01053,CLI0286,P4,1440,168,15.0
SLA01054,CLI0287,P1,30,4,15.0
SLA01055,CLI0287,P2,120,24,5.0
SLA01056,CLI0287,P3,480,72,10.0
SLA01057,CLI0287,P4,1440,168,10.0
SLA01058,CLI0288,P1,30,4,5.0
SLA01059,CLI0288,P2,120,24,10.0
SLA01060,CLI0288,P3,480,72,5.0
SLA01061,CLI0288,P4,1440,168,5.0
SLA01062,CLI0289,P1,30,4,5.0
SLA01063,CLI0289,P2,120,24,10.0
SLA01064,CLI0289,P3,480,72,15.0
SLA01065,CLI0290,P1,30,4,15.0
SLA01066,CLI0290,P2,120,24,10.0
SLA01067,CLI0290,P4,1440,168,5.0
SLA01068,CLI0291,P1,30,4,5.0
SLA01069,CLI0291,P2,120,24,5.0
SLA01070,CLI0291,P3,480,72,15.0
SLA01071,CLI0291,P4,1440,168,10.0
SLA01072,CLI0292,P1,30,4,10.0
SLA01073,CLI0292,P2,120,24,15.0
SLA01074,CLI0292,P4,1440,168,5.0
SLA01075,CLI0293,P1,30,4,15.0
SLA01076,CLI0293,P2,120,24,15.0
SLA01077,CLI0293,P3,480,72,10.0
SLA01078,CLI0293,P4,1440,168,5.0
SLA01079,CLI0294,P1,30,4,15.0
SLA01080,CLI0294,P2,120,24,5.0
SLA01081,CLI0294,P3,480,72,10.0
SLA01082,CLI0295,P1,30,4,10.0
SLA01083,CLI0295,P2,120,24,5.0
SLA01084,CLI0295,P3,480,72,10.0
SLA01085,CLI0295,P4,1440,168,10.0
SLA01086,CLI0296,P1,30,4,5.0
SLA01087,CLI0296,P2,120,24,5.0
SLA01088,CLI0296,P3,480,72,5.0
SLA01089,CLI0296,P4,1440,168,5.0
SLA01090,CLI0297,P1,30,4,5.0
SLA01091,CLI0297,P2,120,24,15.0
SLA01092,CLI0297,P3,480,72,10.0
SLA01093,CLI0297,P4,1440,168,15.0
SLA01094,CLI0298,P1,30,4,10.0
SLA01095,CLI0298,P2,120,24,10.0
SLA01096,CLI0298,P3,480,72,5.0
SLA01097,CLI0298,P4,1440,168,5.0
SLA01098,CLI0299,P1,30,4,5.0
SLA01099,CLI0299,P4,1440,168,15.0
SLA01100,CLI0300,P1,30,4,5.0
SLA01101,CLI0300,P2,120,24,10.0
SLA01102,CLI0300,P3,480,72,10.0
SLA01103,CLI0300,P4,1440,168,10.0
SLA01104,CLI0301,P1,30,4,10.0
SLA01105,CLI0301,P2,120,24,5.0
SLA01106,CLI0301,P3,480,72,10.0
SLA01107,CLI0301,P4,1440,168,10.0
SLA01108,CLI0302,P1,30,4,5.0
SLA01109,CLI0302,P2,120,24,10.0
SLA01110,CLI0302,P3,480,72,10.0
SLA01111,CLI0302,P4,1440,168,10.0
SLA01112,CLI0303,P1,30,4,5.0
SLA01113,CLI0303,P2,120,24,15.0
SLA01114,CLI0303,P3,480,72,5.0
SLA01115,CLI0303,P4,1440,168,5.0
SLA01116,CLI0304,P1,30,4,5.0
SLA01117,CLI0304,P2,120,24,5.0
SLA01118,CLI0304,P3,480,72,5.0
SLA01119,CLI0304,P4,1440,168,5.0
SLA01120,CLI0305,P1,30,4,5.0
SLA01121,CLI0305,P2,120,24,15.0
SLA01122,CLI0305,P3,480,72,10.0
SLA01123,CLI0305,P4,1440,168,15.0
SLA01124,CLI0306,P1,30,4,5.0
SLA01125,CLI0306,P2,120,24,5.0
SLA01126,CLI0306,P3,480,72,15.0
SLA01127,CLI0306,P4,1440,168,10.0
SLA01128,CLI0307,P1,30,4,5.0
SLA01129,CLI0307,P2,120,24,5.0
SLA01130,CLI0307,P3,480,72,15.0
SLA01131,CLI0307,P4,1440,168,5.0
SLA01132,CLI0308,P1,30,4,5.0
SLA01133,CLI0308,P2,120,24,10.0
SLA01134,CLI0308,P3,480,72,10.0
SLA01135,CLI0308,P4,1440,168,15.0
SLA01136,CLI0309,P1,30,4,5.0
SLA01137,CLI0309,P2,120,24,5.0
SLA01138,CLI0309,P3,480,72,15.0
SLA01139,CLI0309,P4,1440,168,10.0
SLA01140,CLI0310,P1,30,4,5.0
SLA01141,CLI0310,P2,120,24,5.0
SLA01142,CLI0310,P3,480,72,5.0
SLA01143,CLI0310,P4,1440,168,15.0
SLA01144,CLI0311,P1,30,4,5.0
SLA01145,CLI0311,P2,120,24,5.0
SLA01146,CLI0311,P3,480,72,10.0
SLA01147,CLI0311,P4,1440,168,15.0
SLA01148,CLI0312,P1,30,4,10.0
SLA01149,CLI0312,P2,120,24,10.0
SLA01150,CLI0312,P3,480,72,5.0
SLA01151,CLI0312,P4,1440,168,10.0
SLA01152,CLI0313,P2,120,24,15.0
SLA01153,CLI0313,P3,480,72,5.0
SLA01154,CLI0313,P4,1440,168,5.0
SLA01155,CLI0314,P1,30,4,5.0
SLA01156,CLI0314,P2,120,24,15.0
SLA01157,CLI0314,P3,480,72,15.0
SLA01158,CLI0314,P4,1440,168,10.0
SLA01159,CLI0315,P1,30,4,5.0
SLA01160,CLI0315,P2,120,24,5.0
SLA01161,CLI0315,P3,480,72,15.0
SLA01162,CLI0315,P4,1440,168,10.0
SLA01163,CLI0316,P1,30,4,5.0
SLA01164,CLI0316,P2,120,24,5.0
SLA01165,CLI0316,P3,480,72,5.0
SLA01166,CLI0316,P4,1440,168,15.0
SLA01167,CLI0317,P1,30,4,15.0
SLA01168,CLI0317,P2,120,24,5.0
SLA01169,CLI0317,P3,480,72,5.0
SLA01170,CLI0317,P4,1440,168,5.0
SLA01171,CLI0318,P1,30,4,15.0
SLA01172,CLI0318,P2,120,24,5.0
SLA01173,CLI0318,P4,1440,168,10.0
SLA01174,CLI0319,P1,30,4,5.0
SLA01175,CLI0319,P2,120,24,15.0
SLA01176,CLI0319,P3,480,72,5.0
SLA01177,CLI0319,P4,1440,168,5.0
SLA01178,CLI0320,P1,30,4,5.0
SLA01179,CLI0320,P2,120,24,5.0
SLA01180,CLI0320,P3,480,72,5.0
SLA01181,CLI0320,P4,1440,168,5.0
SLA01182,CLI0321,P1,30,4,5.0
SLA01183,CLI0321,P3,480,72,5.0
SLA01184,CLI0321,P4,1440,168,5.0
SLA01185,CLI0322,P1,30,4,5.0
SLA01186,CLI0322,P2,120,24,5.0
SLA01187,CLI0322,P3,480,72,5.0
SLA01188,CLI0322,P4,1440,168,15.0
SLA01189,CLI0323,P1,30,4,5.0
SLA01190,CLI0323,P2,120,24,5.0
SLA01191,CLI0323,P3,480,72,5.0
SLA01192,CLI0323,P4,1440,168,5.0
SLA01193,CLI0324,P1,30,4,5.0
SLA01194,CLI0324,P3,480,72,5.0
SLA01195,CLI0324,P4,1440,168,5.0
SLA01196,CLI0325,P1,30,4,5.0
SLA01197,CLI0325,P2,120,24,5.0
SLA01198,CLI0325,P3,480,72,5.0
SLA01199,CLI0325,P4,1440,168,5.0
SLA01200,CLI0326,P1,30,4,15.0
SLA01201,CLI0326,P2,120,24,5.0
SLA01202,CLI0326,P3,480,72,5.0
SLA01203,CLI0326,P4,1440,168,10.0
SLA01204,CLI0327,P1,30,4,5.0
SLA01205,CLI0327,P2,120,24,15.0
SLA01206,CLI0327,P3,480,72,15.0
SLA01207,CLI0327,P4,1440,168,5.0
SLA01208,CLI0328,P1,30,4,10.0
SLA01209,CLI0328,P3,480,72,10.0
SLA01210,CLI0328,P4,1440,168,10.0
SLA01211,CLI0329,P1,30,4,5.0
SLA01212,CLI0329,P2,120,24,15.0
SLA01213,CLI0329,P3,480,72,5.0
SLA01214,CLI0329,P4,1440,168,10.0
SLA01215,CLI0330,P1,30,4,5.0
SLA01216,CLI0330,P2,120,24,5.0
SLA01217,CLI0330,P4,1440,168,5.0
SLA01218,CLI0331,P1,30,4,5.0
SLA01219,CLI0331,P2,120,24,5.0
SLA01220,CLI0331,P3,480,72,5.0
SLA01221,CLI0331,P4,1440,168,5.0
SLA01222,CLI0332,P1,30,4,5.0
SLA01223,CLI0332,P2,120,24,15.0
SLA01224,CLI0332,P3,480,72,10.0
SLA01225,CLI0332,P4,1440,168,5.0
SLA01226,CLI0333,P1,30,4,5.0
SLA01227,CLI0333,P2,120,24,10.0
SLA01228,CLI0333,P3,480,72,10.0
SLA01229,CLI0333,P4,1440,168,10.0
SLA01230,CLI0334,P1,30,4,5.0
SLA01231,CLI0334,P2,120,24,15.0
SLA01232,CLI0334,P3,480,72,5.0
SLA01233,CLI0335,P1,30,4,5.0
SLA01234,CLI0335,P2,120,24,5.0
SLA01235,CLI0335,P3,480,72,5.0
SLA01236,CLI0335,P4,1440,168,15.0
SLA01237,CLI0336,P1,30,4,10.0
SLA01238,CLI0336,P2,120,24,5.0
SLA01239,CLI0336,P3,480,72,15.0
SLA01240,CLI0336,P4,1440,168,5.0
SLA01241,CLI0337,P1,30,4,15.0
SLA01242,CLI0337,P2,120,24,15.0
SLA01243,CLI0337,P3,480,72,10.0
SLA01244,CLI0337,P4,1440,168,5.0
SLA01245,CLI0338,P1,30,4,15.0
SLA01246,CLI0338,P2,120,24,10.0
SLA01247,CLI0338,P3,480,72,15.0
SLA01248,CLI0338,P4,1440,168,5.0
SLA01249,CLI0339,P1,30,4,5.0
SLA01250,CLI0339,P2,120,24,15.0
SLA01251,CLI0339,P3,480,72,15.0
SLA01252,CLI0339,P4,1440,168,5.0
SLA01253,CLI0340,P1,30,4,10.0
SLA01254,CLI0340,P3,480,72,15.0
SLA01255,CLI0340,P4,1440,168,5.0
SLA01256,CLI0341,P1,30,4,10.0
SLA01257,CLI0341,P2,120,24,5.0
SLA01258,CLI0341,P3,480,72,5.0
SLA01259,CLI0341,P4,1440,168,5.0
SLA01260,CLI0342,P3,480,72,5.0
SLA01261,CLI0342,P4,1440,168,10.0
SLA01262,CLI0343,P1,30,4,5.0
SLA01263,CLI0343,P3,480,72,15.0
SLA01264,CLI0343,P4,1440,168,15.0
SLA01265,CLI0344,P1,30,4,10.0
SLA01266,CLI0344,P2,120,24,5.0
SLA01267,CLI0344,P3,480,72,5.0
SLA01268,CLI0344,P4,1440,168,5.0
SLA01269,CLI0345,P1,30,4,5.0
SLA01270,CLI0345,P2,120,24,10.0
SLA01271,CLI0345,P3,480,72,5.0
SLA01272,CLI0345,P4,1440,168,5.0
SLA01273,CLI0346,P1,30,4,5.0
SLA01274,CLI0346,P2,120,24,5.0
SLA01275,CLI0346,P3,480,72,5.0
SLA01276,CLI0346,P4,1440,168,5.0
SLA01277,CLI0347,P1,30,4,5.0
SLA01278,CLI0347,P2,120,24,5.0
SLA01279,CLI0347,P3,480,72,15.0
SLA01280,CLI0347,P4,1440,168,5.0
SLA01281,CLI0348,P1,30,4,5.0
SLA01282,CLI0348,P2,120,24,10.0
SLA01283,CLI0348,P3,480,72,5.0
SLA01284,CLI0348,P4,1440,168,5.0
SLA01285,CLI0349,P1,30,4,5.0
SLA01286,CLI0349,P2,120,24,5.0
SLA01287,CLI0349,P3,480,72,5.0
SLA01288,CLI0349,P4,1440,168,10.0
SLA01289,CLI0350,P1,30,4,10.0
SLA01290,CLI0350,P2,120,24,15.0
SLA01291,CLI0350,P3,480,72,10.0
SLA01292,CLI0350,P4,1440,168,5.0
SLA01293,CLI0351,P1,30,4,5.0
SLA01294,CLI0351,P2,120,24,5.0
SLA01295,CLI0351,P3,480,72,5.0
SLA01296,CLI0351,P4,1440,168,10.0
SLA01297,CLI0352,P1,30,4,5.0
SLA01298,CLI0352,P2,120,24,5.0
SLA01299,CLI0352,P3,480,72,5.0
SLA01300,CLI0352,P4,1440,168,5.0
SLA01301,CLI0353,P1,30,4,5.0
SLA01302,CLI0353,P2,120,24,5.0
SLA01303,CLI0353,P3,480,72,5.0
SLA01304,CLI0353,P4,1440,168,10.0
SLA01305,CLI0354,P1,30,4,5.0
SLA01306,CLI0354,P2,120,24,5.0
SLA01307,CLI0354,P3,480,72,15.0
SLA01308,CLI0354,P4,1440,168,5.0
SLA01309,CLI0355,P2,120,24,5.0
SLA01310,CLI0355,P3,480,72,10.0
SLA01311,CLI0355,P4,1440,168,10.0
SLA01312,CLI0356,P1,30,4,5.0
SLA01313,CLI0356,P2,120,24,5.0
SLA01314,CLI0356,P3,480,72,5.0
SLA01315,CLI0356,P4,1440,168,5.0
SLA01316,CLI0357,P1,30,4,10.0
SLA01317,CLI0357,P2,120,24,5.0
SLA01318,CLI0357,P3,480,72,15.0
SLA01319,CLI0357,P4,1440,168,15.0
SLA01320,CLI0358,P1,30,4,5.0
SLA01321,CLI0358,P2,120,24,15.0
SLA01322,CLI0358,P3,480,72,5.0
SLA01323,CLI0358,P4,1440,168,10.0
SLA01324,CLI0359,P3,480,72,10.0
SLA01325,CLI0359,P4,1440,168,15.0
SLA01326,CLI0360,P1,30,4,15.0
SLA01327,CLI0360,P2,120,24,5.0
SLA01328,CLI0360,P3,480,72,15.0
SLA01329,CLI0360,P4,1440,168,5.0
SLA01330,CLI0361,P1,30,4,15.0
SLA01331,CLI0361,P2,120,24,15.0
SLA01332,CLI0361,P3,480,72,10.0
SLA01333,CLI0361,P4,1440,168,5.0
SLA01334,CLI0362,P1,30,4,5.0
SLA01335,CLI0362,P2,120,24,10.0
SLA01336,CLI0362,P3,480,72,15.0
SLA01337,CLI0362,P4,1440,168,15.0
SLA01338,CLI0363,P1,30,4,5.0
SLA01339,CLI0363,P2,120,24,5.0
SLA01340,CLI0363,P4,1440,168,5.0
SLA01341,CLI0364,P1,30,4,15.0
SLA01342,CLI0364,P2,120,24,10.0
SLA01343,CLI0364,P3,480,72,5.0
SLA01344,CLI0364,P4,1440,168,5.0
SLA01345,CLI0365,P1,30,4,10.0
SLA01346,CLI0365,P2,120,24,5.0
SLA01347,CLI0365,P3,480,72,5.0
SLA01348,CLI0365,P4,1440,168,5.0
SLA01349,CLI0366,P1,30,4,5.0
SLA01350,CLI0366,P2,120,24,5.0
SLA01351,CLI0366,P3,480,72,5.0
SLA01352,CLI0366,P4,1440,168,5.0
SLA01353,CLI0367,P1,30,4,15.0
SLA01354,CLI0367,P2,120,24,15.0
SLA01355,CLI0367,P3,480,72,15.0
SLA01356,CLI0367,P4,1440,168,5.0
SLA01357,CLI0368,P1,30,4,5.0
SLA01358,CLI0368,P2,120,24,5.0
SLA01359,CLI0368,P3,480,72,5.0
SLA01360,CLI0368,P4,1440,168,5.0
SLA01361,CLI0369,P1,30,4,5.0
SLA01362,CLI0369,P2,120,24,5.0
SLA01363,CLI0369,P3,480,72,5.0
SLA01364,CLI0369,P4,1440,168,5.0
SLA01365,CLI0370,P1,30,4,15.0
SLA01366,CLI0370,P2,120,24,10.0
SLA01367,CLI0370,P3,480,72,5.0
SLA01368,CLI0370,P4,1440,168,5.0
SLA01369,CLI0371,P1,30,4,5.0
SLA01370,CLI0371,P2,120,24,15.0
SLA01371,CLI0371,P3,480,72,5.0
SLA01372,CLI0371,P4,1440,168,5.0
SLA01373,CLI0372,P1,30,4,10.0
SLA01374,CLI0372,P2,120,24,5.0
SLA01375,CLI0372,P3,480,72,15.0
SLA01376,CLI0372,P4,1440,168,5.0
SLA01377,CLI0373,P1,30,4,15.0
SLA01378,CLI0373,P3,480,72,5.0
SLA01379,CLI0373,P4,1440,168,5.0
SLA01380,CLI0374,P1,30,4,5.0
SLA01381,CLI0374,P2,120,24,5.0
SLA01382,CLI0374,P3,480,72,5.0
SLA01383,CLI0374,P4,1440,168,5.0
SLA01384,CLI0375,P1,30,4,15.0
SLA01385,CLI0375,P2,120,24,5.0
SLA01386,CLI0375,P4,1440,168,5.0
SLA01387,CLI0376,P1,30,4,15.0
SLA01388,CLI0376,P2,120,24,5.0
SLA01389,CLI0376,P3,480,72,10.0
SLA01390,CLI0376,P4,1440,168,5.0
SLA01391,CLI0377,P1,30,4,5.0
SLA01392,CLI0377,P2,120,24,10.0
SLA01393,CLI0377,P3,480,72,10.0
SLA01394,CLI0378,P1,30,4,5.0
SLA01395,CLI0378,P2,120,24,5.0
SLA01396,CLI0378,P3,480,72,5.0
SLA01397,CLI0379,P1,30,4,5.0
SLA01398,CLI0379,P2,120,24,15.0
SLA01399,CLI0379,P3,480,72,5.0
SLA01400,CLI0379,P4,1440,168,15.0
SLA01401,CLI0380,P1,30,4,5.0
SLA01402,CLI0380,P2,120,24,5.0
SLA01403,CLI0380,P3,480,72,15.0
SLA01404,CLI0380,P4,1440,168,5.0
SLA01405,CLI0381,P1,30,4,5.0
SLA01406,CLI0381,P2,120,24,10.0
SLA01407,CLI0381,P3,480,72,5.0
SLA01408,CLI0381,P4,1440,168,15.0
SLA01409,CLI0382,P1,30,4,10.0
SLA01410,CLI0382,P2,120,24,5.0
SLA01411,CLI0382,P3,480,72,10.0
SLA01412,CLI0382,P4,1440,168,5.0
SLA01413,CLI0383,P1,30,4,5.0
SLA01414,CLI0383,P2,120,24,15.0
SLA01415,CLI0383,P3,480,72,5.0
SLA01416,CLI0383,P4,1440,168,10.0
SLA01417,CLI0384,P2,120,24,10.0
SLA01418,CLI0384,P3,480,72,10.0
SLA01419,CLI0384,P4,1440,168,5.0
SLA01420,CLI0385,P1,30,4,5.0
SLA01421,CLI0385,P2,120,24,5.0
SLA01422,CLI0385,P3,480,72,15.0
SLA01423,CLI0385,P4,1440,168,10.0
SLA01424,CLI0386,P2,120,24,5.0
SLA01425,CLI0386,P4,1440,168,5.0
SLA01426,CLI0387,P1,30,4,10.0
SLA01427,CLI0387,P2,120,24,5.0
SLA01428,CLI0387,P3,480,72,5.0
SLA01429,CLI0387,P4,1440,168,5.0
SLA01430,CLI0388,P1,30,4,5.0
SLA01431,CLI0388,P2,120,24,5.0
SLA01432,CLI0388,P3,480,72,5.0
SLA01433,CLI0388,P4,1440,168,5.0
SLA01434,CLI0389,P1,30,4,15.0
SLA01435,CLI0389,P2,120,24,5.0
SLA01436,CLI0389,P3,480,72,10.0
SLA01437,CLI0389,P4,1440,168,5.0
SLA01438,CLI0390,P2,120,24,5.0
SLA01439,CLI0390,P3,480,72,5.0
SLA01440,CLI0390,P4,1440,168,5.0
SLA01441,CLI0391,P1,30,4,10.0
SLA01442,CLI0391,P2,120,24,15.0
SLA01443,CLI0391,P3,480,72,15.0
SLA01444,CLI0391,P4,1440,168,5.0
SLA01445,CLI0392,P1,30,4,5.0
SLA01446,CLI0392,P2,120,24,5.0
SLA01447,CLI0392,P3,480,72,5.0
SLA01448,CLI0392,P4,1440,168,10.0
SLA01449,CLI0393,P1,30,4,15.0
SLA01450,CLI0393,P2,120,24,5.0
SLA01451,CLI0393,P3,480,72,5.0
SLA01452,CLI0393,P4,1440,168,10.0
SLA01453,CLI0394,P1,30,4,5.0
SLA01454,CLI0394,P2,120,24,5.0
SLA01455,CLI0394,P3,480,72,5.0
SLA01456,CLI0394,P4,1440,168,5.0
SLA01457,CLI0395,P1,30,4,15.0
SLA01458,CLI0395,P2,120,24,15.0
SLA01459,CLI0395,P3,480,72,5.0
SLA01460,CLI0395,P4,1440,168,10.0
SLA01461,CLI0396,P1,30,4,5.0
SLA01462,CLI0396,P2,120,24,5.0
SLA01463,CLI0396,P4,1440,168,5.0
SLA01464,CLI0397,P1,30,4,5.0
SLA01465,CLI0397,P2,120,24,15.0
SLA01466,CLI0397,P3,480,72,15.0
SLA01467,CLI0397,P4,1440,168,5.0
SLA01468,CLI0398,P2,120,24,15.0
SLA01469,CLI0398,P3,480,72,5.0
SLA01470,CLI0398,P4,1440,168,5.0
SLA01471,CLI0399,P1,30,4,10.0
SLA01472,CLI0399,P2,120,24,5.0
SLA01473,CLI0399,P3,480,72,15.0
SLA01474,CLI0399,P4,1440,168,10.0
SLA01475,CLI0400,P1,30,4,15.0
SLA01476,CLI0400,P3,480,72,5.0
SLA01477,CLI0401,P1,30,4,15.0
SLA01478,CLI0401,P2,120,24,5.0
SLA01479,CLI0401,P3,480,72,5.0
SLA01480,CLI0401,P4,1440,168,15.0
SLA01481,CLI0402,P1,30,4,10.0
SLA01482,CLI0402,P2,120,24,5.0
SLA01483,CLI0402,P3,480,72,5.0
SLA01484,CLI0402,P4,1440,168,5.0
SLA01485,CLI0403,P1,30,4,5.0
SLA01486,CLI0403,P2,120,24,5.0
SLA01487,CLI0403,P3,480,72,5.0
SLA01488,CLI0403,P4,1440,168,15.0
SLA01489,CLI0404,P1,30,4,5.0
SLA01490,CLI0404,P2,120,24,5.0
SLA01491,CLI0404,P3,480,72,5.0
SLA01492,CLI0404,P4,1440,168,10.0
SLA01493,CLI0405,P1,30,4,15.0
SLA01494,CLI0405,P2,120,24,5.0
SLA01495,CLI0405,P3,480,72,10.0
SLA01496,CLI0405,P4,1440,168,15.0
SLA01497,CLI0406,P1,30,4,10.0
SLA01498,CLI0406,P2,120,24,15.0
SLA01499,CLI0406,P3,480,72,10.0
SLA01500,CLI0406,P4,1440,168,5.0
SLA01501,CLI0407,P1,30,4,15.0
SLA01502,CLI0407,P2,120,24,10.0
SLA01503,CLI0407,P3,480,72,5.0
SLA01504,CLI0408,P1,30,4,15.0
SLA01505,CLI0408,P2,120,24,5.0
SLA01506,CLI0408,P3,480,72,5.0
SLA01507,CLI0408,P4,1440,168,5.0
SLA01508,CLI0409,P1,30,4,5.0
SLA01509,CLI0409,P2,120,24,10.0
SLA01510,CLI0409,P3,480,72,15.0
SLA01511,CLI0410,P1,30,4,15.0
SLA01512,CLI0410,P2,120,24,5.0
SLA01513,CLI0410,P3,480,72,5.0
SLA01514,CLI0410,P4,1440,168,10.0
SLA01515,CLI0411,P1,30,4,5.0
SLA01516,CLI0411,P2,120,24,5.0
SLA01517,CLI0411,P3,480,72,5.0
SLA01518,CLI0411,P4,1440,168,5.0
SLA01519,CLI0412,P1,30,4,5.0
SLA01520,CLI0412,P2,120,24,5.0
SLA01521,CLI0412,P3,480,72,5.0
SLA01522,CLI0412,P4,1440,168,10.0
SLA01523,CLI0413,P1,30,4,10.0
SLA01524,CLI0413,P2,120,24,5.0
SLA01525,CLI0413,P3,480,72,5.0
SLA01526,CLI0413,P4,1440,168,5.0
SLA01527,CLI0414,P1,30,4,5.0
SLA01528,CLI0414,P2,120,24,10.0
SLA01529,CLI0414,P3,480,72,5.0
SLA01530,CLI0414,P4,1440,168,5.0
SLA01531,CLI0415,P1,30,4,10.0
SLA01532,CLI0415,P2,120,24,5.0
SLA01533,CLI0415,P3,480,72,5.0
SLA01534,CLI0415,P4,1440,168,15.0
SLA01535,CLI0416,P1,30,4,5.0
SLA01536,CLI0416,P2,120,24,10.0
SLA01537,CLI0416,P3,480,72,5.0
SLA01538,CLI0416,P4,1440,168,5.0
SLA01539,CLI0417,P1,30,4,15.0
SLA01540,CLI0417,P2,120,24,5.0
SLA01541,CLI0417,P3,480,72,15.0
SLA01542,CLI0417,P4,1440,168,5.0
SLA01543,CLI0418,P1,30,4,5.0
SLA01544,CLI0418,P2,120,24,5.0
SLA01545,CLI0418,P4,1440,168,5.0
SLA01546,CLI0419,P1,30,4,5.0
SLA01547,CLI0419,P2,120,24,5.0
SLA01548,CLI0419,P3,480,72,5.0
SLA01549,CLI0419,P4,1440,168,5.0
SLA01550,CLI0420,P1,30,4,5.0
SLA01551,CLI0420,P2,120,24,5.0
SLA01552,CLI0420,P3,480,72,5.0
SLA01553,CLI0420,P4,1440,168,5.0
SLA01554,CLI0421,P1,30,4,10.0
SLA01555,CLI0421,P2,120,24,5.0
SLA01556,CLI0421,P3,480,72,10.0
SLA01557,CLI0421,P4,1440,168,10.0
SLA01558,CLI0422,P1,30,4,10.0
SLA01559,CLI0422,P2,120,24,15.0
SLA01560,CLI0422,P3,480,72,15.0
SLA01561,CLI0422,P4,1440,168,10.0
SLA01562,CLI0423,P1,30,4,10.0
SLA01563,CLI0423,P2,120,24,15.0
SLA01564,CLI0423,P4,1440,168,5.0
SLA01565,CLI0424,P1,30,4,15.0
SLA01566,CLI0424,P2,120,24,5.0
SLA01567,CLI0424,P3,480,72,5.0
SLA01568,CLI0424,P4,1440,168,10.0
SLA01569,CLI0425,P2,120,24,10.0
SLA01570,CLI0425,P3,480,72,10.0
SLA01571,CLI0425,P4,1440,168,5.0
SLA01572,CLI0426,P1,30,4,15.0
SLA01573,CLI0426,P2,120,24,5.0
SLA01574,CLI0426,P4,1440,168,5.0
SLA01575,CLI0427,P1,30,4,15.0
SLA01576,CLI0427,P2,120,24,15.0
SLA01577,CLI0427,P3,480,72,5.0
SLA01578,CLI0427,P4,1440,168,15.0
SLA01579,CLI0428,P1,30,4,15.0
SLA01580,CLI0428,P2,120,24,5.0
SLA01581,CLI0428,P3,480,72,5.0
SLA01582,CLI0428,P4,1440,168,15.0
SLA01583,CLI0429,P1,30,4,5.0
SLA01584,CLI0429,P2,120,24,10.0
SLA01585,CLI0429,P3,480,72,5.0
SLA01586,CLI0429,P4,1440,168,5.0
SLA01587,CLI0430,P1,30,4,10.0
SLA01588,CLI0430,P2,120,24,5.0
SLA01589,CLI0430,P4,1440,168,5.0
SLA01590,CLI0431,P1,30,4,5.0
SLA01591,CLI0431,P2,120,24,15.0
SLA01592,CLI0431,P3,480,72,5.0
SLA01593,CLI0431,P4,1440,168,5.0
SLA01594,CLI0432,P2,120,24,10.0
SLA01595,CLI0432,P3,480,72,5.0
SLA01596,CLI0432,P4,1440,168,5.0
SLA01597,CLI0433,P1,30,4,15.0
SLA01598,CLI0433,P2,120,24,5.0
SLA01599,CLI0433,P3,480,72,5.0
SLA01600,CLI0433,P4,1440,168,5.0
SLA01601,CLI0434,P1,30,4,5.0
SLA01602,CLI0434,P2,120,24,10.0
SLA01603,CLI0434,P3,480,72,10.0
SLA01604,CLI0434,P4,1440,168,5.0
SLA01605,CLI0435,P1,30,4,10.0
SLA01606,CLI0435,P2,120,24,10.0
SLA01607,CLI0435,P3,480,72,5.0
SLA01608,CLI0435,P4,1440,168,10.0
SLA01609,CLI0436,P1,30,4,5.0
SLA01610,CLI0436,P2,120,24,10.0
SLA01611,CLI0436,P3,480,72,10.0
SLA01612,CLI0436,P4,1440,168,5.0
SLA01613,CLI0437,P1,30,4,5.0
SLA01614,CLI0437,P2,120,24,5.0
SLA01615,CLI0437,P3,480,72,5.0
SLA01616,CLI0438,P1,30,4,15.0
SLA01617,CLI0438,P2,120,24,5.0
SLA01618,CLI0438,P3,480,72,10.0
SLA01619,CLI0438,P4,1440,168,5.0
SLA01620,CLI0439,P1,30,4,5.0
SLA01621,CLI0439,P2,120,24,5.0
SLA01622,CLI0439,P3,480,72,5.0
SLA01623,CLI0439,P4,1440,168,5.0
SLA01624,CLI0440,P1,30,4,5.0
SLA01625,CLI0440,P2,120,24,10.0
SLA01626,CLI0440,P3,480,72,5.0
SLA01627,CLI0440,P4,1440,168,15.0
SLA01628,CLI0441,P1,30,4,15.0
SLA01629,CLI0441,P2,120,24,5.0
SLA01630,CLI0441,P3,480,72,5.0
SLA01631,CLI0441,P4,1440,168,10.0
SLA01632,CLI0442,P1,30,4,5.0
SLA01633,CLI0442,P2,120,24,10.0
SLA01634,CLI0442,P3,480,72,15.0
SLA01635,CLI0442,P4,1440,168,5.0
SLA01636,CLI0443,P1,30,4,10.0
SLA01637,CLI0443,P2,120,24,10.0
SLA01638,CLI0443,P4,1440,168,15.0
SLA01639,CLI0444,P1,30,4,5.0
SLA01640,CLI0444,P2,120,24,5.0
SLA01641,CLI0444,P3,480,72,10.0
SLA01642,CLI0444,P4,1440,168,5.0
SLA01643,CLI0445,P1,30,4,5.0
SLA01644,CLI0445,P2,120,24,5.0
SLA01645,CLI0445,P3,480,72,10.0
SLA01646,CLI0445,P4,1440,168,15.0
SLA01647,CLI0446,P1,30,4,5.0
SLA01648,CLI0446,P2,120,24,5.0
SLA01649,CLI0446,P3,480,72,5.0
SLA01650,CLI0446,P4,1440,168,5.0
SLA01651,CLI0447,P1,30,4,5.0
SLA01652,CLI0447,P2,120,24,10.0
SLA01653,CLI0447,P3,480,72,15.0
SLA01654,CLI0447,P4,1440,168,10.0
SLA01655,CLI0448,P1,30,4,5.0
SLA01656,CLI0448,P2,120,24,15.0
SLA01657,CLI0448,P3,480,72,15.0
SLA01658,CLI0448,P4,1440,168,10.0
SLA01659,CLI0449,P1,30,4,15.0
SLA01660,CLI0449,P2,120,24,5.0
SLA01661,CLI0449,P3,480,72,5.0
SLA01662,CLI0449,P4,1440,168,5.0
SLA01663,CLI0450,P2,120,24,15.0
SLA01664,CLI0450,P3,480,72,5.0
SLA01665,CLI0450,P4,1440,168,5.0
SLA01666,CLI0451,P1,30,4,5.0
SLA01667,CLI0451,P2,120,24,10.0
SLA01668,CLI0451,P3,480,72,15.0
SLA01669,CLI0451,P4,1440,168,10.0
SLA01670,CLI0452,P2,120,24,5.0
SLA01671,CLI0452,P3,480,72,10.0
SLA01672,CLI0452,P4,1440,168,10.0
SLA01673,CLI0453,P1,30,4,5.0
SLA01674,CLI0453,P2,120,24,15.0
SLA01675,CLI0453,P3,480,72,5.0
SLA01676,CLI0454,P1,30,4,15.0
SLA01677,CLI0454,P2,120,24,15.0
SLA01678,CLI0454,P3,480,72,5.0
SLA01679,CLI0454,P4,1440,168,15.0
SLA01680,CLI0455,P1,30,4,15.0
SLA01681,CLI0455,P2,120,24,15.0
SLA01682,CLI0455,P3,480,72,15.0
SLA01683,CLI0455,P4,1440,168,5.0
SLA01684,CLI0456,P1,30,4,5.0
SLA01685,CLI0456,P2,120,24,15.0
SLA01686,CLI0456,P3,480,72,10.0
SLA01687,CLI0456,P4,1440,168,5.0
SLA01688,CLI0457,P1,30,4,5.0
SLA01689,CLI0457,P2,120,24,5.0
SLA01690,CLI0457,P3,480,72,10.0
SLA01691,CLI0457,P4,1440,168,10.0
SLA01692,CLI0458,P1,30,4,5.0
SLA01693,CLI0458,P2,120,24,15.0
SLA01694,CLI0458,P3,480,72,5.0
SLA01695,CLI0458,P4,1440,168,10.0
SLA01696,CLI0459,P2,120,24,15.0
SLA01697,CLI0459,P4,1440,168,5.0
SLA01698,CLI0460,P1,30,4,15.0
SLA01699,CLI0460,P3,480,72,10.0
SLA01700,CLI0460,P4,1440,168,5.0
SLA01701,CLI0461,P1,30,4,5.0
SLA01702,CLI0461,P2,120,24,10.0
SLA01703,CLI0461,P3,480,72,5.0
SLA01704,CLI0461,P4,1440,168,5.0
SLA01705,CLI0462,P1,30,4,5.0
SLA01706,CLI0462,P2,120,24,15.0
SLA01707,CLI0462,P3,480,72,5.0
SLA01708,CLI0462,P4,1440,168,10.0
SLA01709,CLI0463,P2,120,24,10.0
SLA01710,CLI0463,P3,480,72,5.0
SLA01711,CLI0464,P1,30,4,5.0
SLA01712,CLI0464,P2,120,24,15.0
SLA01713,CLI0464,P3,480,72,5.0
SLA01714,CLI0464,P4,1440,168,5.0
SLA01715,CLI0465,P1,30,4,10.0
SLA01716,CLI0465,P2,120,24,5.0
SLA01717,CLI0465,P3,480,72,5.0
SLA01718,CLI0465,P4,1440,168,5.0
SLA01719,CLI0466,P1,30,4,5.0
SLA01720,CLI0466,P2,120,24,5.0
SLA01721,CLI0466,P3,480,72,5.0
SLA01722,CLI0466,P4,1440,168,10.0
SLA01723,CLI0467,P1,30,4,5.0
SLA01724,CLI0467,P2,120,24,5.0
SLA01725,CLI0467,P3,480,72,5.0
SLA01726,CLI0467,P4,1440,168,5.0
SLA01727,CLI0468,P1,30,4,5.0
SLA01728,CLI0468,P2,120,24,10.0
SLA01729,CLI0468,P3,480,72,5.0
SLA01730,CLI0468,P4,1440,168,15.0
SLA01731,CLI0469,P1,30,4,5.0
SLA01732,CLI0469,P2,120,24,15.0
SLA01733,CLI0469,P3,480,72,5.0
SLA01734,CLI0469,P4,1440,168,10.0
SLA01735,CLI0470,P1,30,4,5.0
SLA01736,CLI0470,P3,480,72,5.0
SLA01737,CLI0470,P4,1440,168,5.0
SLA01738,CLI0471,P1,30,4,15.0
SLA01739,CLI0471,P3,480,72,5.0
SLA01740,CLI0471,P4,1440,168,15.0
SLA01741,CLI0472,P1,30,4,5.0
SLA01742,CLI0472,P2,120,24,5.0
SLA01743,CLI0472,P3,480,72,5.0
SLA01744,CLI0472,P4,1440,168,5.0
SLA01745,CLI0473,P1,30,4,15.0
SLA01746,CLI0473,P2,120,24,15.0
SLA01747,CLI0473,P3,480,72,10.0
SLA01748,CLI0473,P4,1440,168,10.0
SLA01749,CLI0474,P1,30,4,10.0
SLA01750,CLI0474,P2,120,24,10.0
SLA01751,CLI0474,P3,480,72,5.0
SLA01752,CLI0474,P4,1440,168,5.0
SLA01753,CLI0475,P1,30,4,15.0
SLA01754,CLI0475,P2,120,24,10.0
SLA01755,CLI0475,P3,480,72,5.0
SLA01756,CLI0475,P4,1440,168,5.0
SLA01757,CLI0476,P1,30,4,10.0
SLA01758,CLI0476,P2,120,24,5.0
SLA01759,CLI0476,P4,1440,168,5.0
SLA01760,CLI0477,P1,30,4,5.0
SLA01761,CLI0477,P2,120,24,5.0
SLA01762,CLI0477,P3,480,72,5.0
SLA01763,CLI0477,P4,1440,168,10.0
SLA01764,CLI0478,P1,30,4,5.0
SLA01765,CLI0478,P2,120,24,15.0
SLA01766,CLI0478,P3,480,72,15.0
SLA01767,CLI0478,P4,1440,168,5.0
SLA01768,CLI0479,P1,30,4,10.0
SLA01769,CLI0479,P2,120,24,5.0
SLA01770,CLI0479,P3,480,72,5.0
SLA01771,CLI0479,P4,1440,168,5.0
SLA01772,CLI0480,P1,30,4,5.0
SLA01773,CLI0480,P2,120,24,5.0
SLA01774,CLI0480,P3,480,72,10.0
SLA01775,CLI0480,P4,1440,168,5.0
SLA01776,CLI0481,P1,30,4,10.0
SLA01777,CLI0481,P2,120,24,5.0
SLA01778,CLI0481,P3,480,72,5.0
SLA01779,CLI0481,P4,1440,168,5.0
SLA01780,CLI0482,P2,120,24,15.0
SLA01781,CLI0482,P3,480,72,5.0
SLA01782,CLI0482,P4,1440,168,5.0
SLA01783,CLI0483,P2,120,24,5.0
SLA01784,CLI0483,P3,480,72,15.0
SLA01785,CLI0483,P4,1440,168,5.0
SLA01786,CLI0484,P1,30,4,15.0
SLA01787,CLI0484,P2,120,24,5.0
SLA01788,CLI0484,P4,1440,168,5.0
SLA01789,CLI0485,P1,30,4,10.0
SLA01790,CLI0485,P2,120,24,10.0
SLA01791,CLI0485,P3,480,72,5.0
SLA01792,CLI0485,P4,1440,168,5.0
SLA01793,CLI0486,P1,30,4,15.0
SLA01794,CLI0486,P2,120,24,15.0
SLA01795,CLI0486,P3,480,72,5.0
SLA01796,CLI0486,P4,1440,168,5.0
SLA01797,CLI0487,P1,30,4,5.0
SLA01798,CLI0487,P2,120,24,10.0
SLA01799,CLI0487,P3,480,72,10.0
SLA01800,CLI0487,P4,1440,168,10.0
SLA01801,CLI0488,P1,30,4,15.0
SLA01802,CLI0488,P2,120,24,15.0
SLA01803,CLI0488,P3,480,72,5.0
SLA01804,CLI0488,P4,1440,168,5.0
SLA01805,CLI0489,P2,120,24,10.0
SLA01806,CLI0489,P3,480,72,5.0
SLA01807,CLI0489,P4,1440,168,5.0
SLA01808,CLI0490,P2,120,24,5.0
SLA01809,CLI0490,P3,480,72,15.0
SLA01810,CLI0490,P4,1440,168,5.0
SLA01811,CLI0491,P1,30,4,15.0
SLA01812,CLI0491,P2,120,24,5.0
SLA01813,CLI0491,P3,480,72,5.0
SLA01814,CLI0491,P4,1440,168,5.0
SLA01815,CLI0492,P1,30,4,10.0
SLA01816,CLI0492,P2,120,24,15.0
SLA01817,CLI0492,P3,480,72,5.0
SLA01818,CLI0492,P4,1440,168,5.0
SLA01819,CLI0493,P2,120,24,5.0
SLA01820,CLI0493,P3,480,72,10.0
SLA01821,CLI0493,P4,1440,168,5.0
SLA01822,CLI0494,P1,30,4,15.0
SLA01823,CLI0494,P2,120,24,10.0
SLA01824,CLI0494,P3,480,72,15.0
SLA01825,CLI0494,P4,1440,168,10.0
SLA01826,CLI0495,P2,120,24,5.0
SLA01827,CLI0495,P3,480,72,5.0
SLA01828,CLI0495,P4,1440,168,10.0
SLA01829,CLI0496,P1,30,4,10.0
SLA01830,CLI0496,P2,120,24,5.0
SLA01831,CLI0496,P4,1440,168,15.0
SLA01832,CLI0497,P1,30,4,10.0
SLA01833,CLI0497,P2,120,24,5.0
SLA01834,CLI0497,P3,480,72,5.0
SLA01835,CLI0497,P4,1440,168,5.0
SLA01836,CLI0498,P1,30,4,5.0
SLA01837,CLI0498,P2,120,24,15.0
SLA01838,CLI0498,P3,480,72,10.0
SLA01839,CLI0498,P4,1440,168,5.0
SLA01840,CLI0499,P1,30,4,5.0
SLA01841,CLI0499,P2,120,24,5.0
SLA01842,CLI0499,P3,480,72,5.0
SLA01843,CLI0499,P4,1440,168,5.0
SLA01844,CLI0500,P1,30,4,10.0
SLA01845,CLI0500,P3,480,72,5.0
SLA01846,CLI0500,P4,1440,168,15.0
SLA01847,CLI0501,P1,30,4,5.0
SLA01848,CLI0501,P2,120,24,5.0
SLA01849,CLI0501,P3,480,72,15.0
SLA01850,CLI0501,P4,1440,168,10.0
SLA01851,CLI0502,P1,30,4,5.0
SLA01852,CLI0502,P2,120,24,15.0
SLA01853,CLI0502,P3,480,72,5.0
SLA01854,CLI0502,P4,1440,168,5.0
SLA01855,CLI0503,P1,30,4,5.0
SLA01856,CLI0503,P2,120,24,15.0
SLA01857,CLI0503,P3,480,72,5.0
SLA01858,CLI0503,P4,1440,168,10.0
SLA01859,CLI0504,P1,30,4,15.0
SLA01860,CLI0504,P2,120,24,5.0
SLA01861,CLI0504,P3,480,72,5.0
SLA01862,CLI0504,P4,1440,168,5.0
SLA01863,CLI0505,P1,30,4,5.0
SLA01864,CLI0505,P2,120,24,5.0
SLA01865,CLI0505,P3,480,72,5.0
SLA01866,CLI0505,P4,1440,168,5.0
SLA01867,CLI0506,P1,30,4,5.0
SLA01868,CLI0506,P2,120,24,5.0
SLA01869,CLI0506,P4,1440,168,15.0
SLA01870,CLI0507,P1,30,4,5.0
SLA01871,CLI0507,P2,120,24,5.0
SLA01872,CLI0507,P3,480,72,10.0
SLA01873,CLI0507,P4,1440,168,10.0
SLA01874,CLI0508,P1,30,4,15.0
SLA01875,CLI0508,P2,120,24,5.0
SLA01876,CLI0508,P3,480,72,5.0
SLA01877,CLI0508,P4,1440,168,5.0
SLA01878,CLI0509,P1,30,4,5.0
SLA01879,CLI0509,P2,120,24,5.0
SLA01880,CLI0509,P3,480,72,10.0
SLA01881,CLI0509,P4,1440,168,5.0
SLA01882,CLI0510,P1,30,4,5.0
SLA01883,CLI0510,P2,120,24,5.0
SLA01884,CLI0510,P3,480,72,15.0
SLA01885,CLI0510,P4,1440,168,5.0
SLA01886,CLI0511,P1,30,4,15.0
SLA01887,CLI0511,P2,120,24,5.0
SLA01888,CLI0511,P3,480,72,15.0
SLA01889,CLI0511,P4,1440,168,10.0
SLA01890,CLI0512,P1,30,4,5.0
SLA01891,CLI0512,P2,120,24,5.0
SLA01892,CLI0512,P3,480,72,5.0
SLA01893,CLI0512,P4,1440,168,5.0
SLA01894,CLI0513,P1,30,4,5.0
SLA01895,CLI0513,P2,120,24,5.0
SLA01896,CLI0513,P4,1440,168,15.0
SLA01897,CLI0514,P1,30,4,5.0
SLA01898,CLI0514,P2,120,24,15.0
SLA01899,CLI0514,P3,480,72,5.0
SLA01900,CLI0514,P4,1440,168,5.0
SLA01901,CLI0515,P1,30,4,5.0
SLA01902,CLI0515,P2,120,24,5.0
SLA01903,CLI0515,P3,480,72,5.0
SLA01904,CLI0515,P4,1440,168,5.0
SLA01905,CLI0516,P1,30,4,5.0
SLA01906,CLI0516,P2,120,24,5.0
SLA01907,CLI0516,P3,480,72,5.0
SLA01908,CLI0516,P4,1440,168,5.0
SLA01909,CLI0517,P1,30,4,5.0
SLA01910,CLI0517,P3,480,72,10.0
SLA01911,CLI0517,P4,1440,168,15.0
SLA01912,CLI0518,P1,30,4,5.0
SLA01913,CLI0518,P2,120,24,5.0
SLA01914,CLI0518,P3,480,72,10.0
SLA01915,CLI0518,P4,1440,168,5.0
SLA01916,CLI0519,P1,30,4,5.0
SLA01917,CLI0519,P2,120,24,10.0
SLA01918,CLI0519,P3,480,72,10.0
SLA01919,CLI0519,P4,1440,168,5.0
SLA01920,CLI0520,P1,30,4,5.0
SLA01921,CLI0520,P2,120,24,15.0
SLA01922,CLI0520,P3,480,72,5.0
SLA01923,CLI0520,P4,1440,168,5.0
